MFCC_1_Z,MFCC_2_Z,MFCC_3_Z,MFCC_4_Z,MFCC_5_Z,MFCC_6_Z,MFCC_7_Z,MFCC_8_Z,MFCC_9_Z,MFCC_10_Z,MFCC_11_Z,MFCC_12_Z,MFCC_13_Z,MFCC_1_MinMax,MFCC_2_MinMax,MFCC_3_MinMax,MFCC_4_MinMax,MFCC_5_MinMax,MFCC_6_MinMax,MFCC_7_MinMax,MFCC_8_MinMax,MFCC_9_MinMax,MFCC_10_MinMax,MFCC_11_MinMax,MFCC_12_MinMax,MFCC_13_MinMax
-2.902044,-2.9595816,-3.1223433,-3.3625162,-3.6358953,-3.8884802,-4.087688,-4.200897,-4.1442246,-3.9139373,-3.636474,-3.3938544,-3.1313193,0.0,0.0,0.0,0.0,0.0,0.0,0.0,0.0,0.0,0.0,0.0,0.0,0.0
-1.8086741,-1.8226213,-1.8563414,-1.8891013,-1.8945125,-1.8516886,-1.7676961,-1.6695727,-1.5779637,-1.5270523,-1.5478802,-1.6294523,-1.7218378,0.25501585,0.2703488,0.29354334,0.32454893,0.37143758,0.42215723,0.44804168,0.47581676,0.4679436,0.44548863,0.4069785,0.3633044,0.30659243
-0.762807,-0.74495095,-0.6890855,-0.5928483,-0.4623788,-0.32046,-0.21256068,-0.19840942,-0.3243241,-0.5773707,-0.8850156,-1.1705359,-1.3682064,0.4989519,0.52659947,0.56419075,0.61007446,0.67691225,0.73952854,0.7483727,0.7523535,0.6965379,0.6227374,0.5361427,0.45779896,0.38351485
-0.50002563,-0.4807599,-0.42319736,-0.33100414,-0.21561103,-0.098817505,-0.015253241,-0.009618472,-0.12011181,-0.3362078,-0.58975625,-0.80065143,-0.8983484,0.56024265,0.58941936,0.62584126,0.66775084,0.7295479,0.78546745,0.78647715,0.7878408,0.73377496,0.6677481,0.59367627,0.5339611,0.485719
-0.1353286,-0.12610896,-0.0917573,-0.015627164,0.112927735,0.26901639,0.3846558,0.39681783,0.30805102,0.1828769,0.05095932,-0.12501693,-0.35662267,0.6453037,0.673749,0.702691,0.7372189,0.79962534,0.8617068,0.8637084,0.8642392,0.8118481,0.76463014,0.7185246,0.6730796,0.603556
0.6337753,0.64297646,0.66459185,0.68269676,0.6731277,0.6011063,0.43006638,0.15052529,-0.18071485,-0.46669105,-0.687672,-0.9003564,-1.1098886,0.82468843,0.8566237,0.87806296,0.89103866,0.9191162,0.93053764,0.8724782,0.8179433,0.7227243,0.64339465,0.57459664,0.5134311,0.43970448
1.1851072,1.1654981,1.0983561,0.9700426,0.7798202,0.5399023,0.2635918,-0.031969015,-0.30300993,-0.5214253,-0.75875,-1.1261017,-1.6113247,0.95328,0.98087007,0.97863835,0.9543323,0.9418737,0.91785216,0.8403283,0.78363955,0.70042443,0.63317907,0.56074655,0.4669483,0.3306314
1.2518638,1.2221322,1.1252205,0.9514446,0.709813,0.42442602,0.11504938,-0.195833,-0.44190034,-0.5613185,-0.6133602,-0.7326067,-0.9842045,0.96885014,0.9943366,0.9848673,0.9502357,0.92694116,0.8939179,0.81164145,0.7528378,0.67509854,0.6257334,0.5890768,0.547972,0.4670435
1.1433607,1.1603339,1.1904855,1.1773686,1.0485924,0.74735755,0.2605633,-0.37646693,-1.0485913,-1.5735304,-1.8462578,-1.8638138,-1.6351777,0.94354296,0.9796421,1.0,1.0,0.99920297,0.96085054,0.8397434,0.71888375,0.5644718,0.43681395,0.34883732,0.3150475,0.32544285
1.0683544,1.0816095,1.1079575,1.112865,1.0523292,0.8770127,0.52696633,-0.06314499,-0.86839557,-1.6709173,-2.2183735,-2.3917854,-2.160496,0.92604876,0.96092284,0.9808646,0.98579174,1.0,0.98772365,0.8911917,0.77777934,0.5973295,0.41863766,0.27632773,0.20633397,0.21117489
0.9555616,0.95350677,0.93544745,0.87385637,0.74251616,0.5259793,0.21680315,-0.18456632,-0.6274359,-0.99894434,-1.2255901,-1.3047476,-1.2350593,0.8997412,0.9304623,0.9408653,0.93314534,0.93391675,0.9149664,0.83129233,0.7549556,0.6412672,0.5440548,0.46977916,0.43016368,0.41247717
1.0817232,1.049881,0.9431063,0.7434722,0.45825854,0.13544476,-0.15413071,-0.3482946,-0.41693377,-0.41692019,-0.48129448,-0.6952919,-0.99850136,0.9291668,0.9533784,0.94264114,0.9044256,0.8732845,0.834022,0.7596568,0.7241793,0.6796511,0.6526839,0.6148109,0.5556555,0.4639336
1.0468389,1.0250072,0.9434962,0.7721118,0.50834715,0.20586693,-0.054295283,-0.23658285,-0.37718636,-0.53286016,-0.7029991,-0.8207452,-0.8087169,0.9210305,0.9474638,0.94273156,0.91073406,0.8839684,0.8486181,0.7789372,0.745178,0.68689877,0.63104486,0.57161003,0.5298236,0.50521576
0.8680193,0.8717632,0.86619043,0.8109031,0.67077714,0.44952148,0.19599174,-0.035984494,-0.22577688,-0.3926274,-0.5682705,-0.7565049,-0.9229511,0.879323,0.91102517,0.92480695,0.9192786,0.9186148,0.8991193,0.8272732,0.7828847,0.71450746,0.6572179,0.5978629,0.54305124,0.4803674
0.58242935,0.6010168,0.6444866,0.68077034,0.67483866,0.61312354,0.51545024,0.40975,0.2966422,0.154622,-0.028411679,-0.24394497,-0.4727098,0.81271267,0.8466465,0.8734012,0.8906143,0.9194811,0.9330284,0.8889677,0.86667013,0.8097677,0.7593566,0.70305854,0.6485914,0.5783045
0.61321974,0.6372521,0.6947072,0.7437698,0.72754806,0.6007672,0.35963988,0.047748458,-0.24576576,-0.41602555,-0.41637933,-0.25785232,0.008131156,0.81989384,0.8552626,0.8850457,0.9044912,0.9307241,0.93046737,0.8588773,0.79862416,0.71086264,0.65285087,0.62746006,0.64572775,0.6828977
0.7012669,0.71530056,0.7427625,0.74559414,0.68148655,0.5303085,0.30701247,0.042566426,-0.22763793,-0.4578547,-0.6061362,-0.6327763,-0.5006679,0.8404298,0.87382114,0.89618814,0.90489304,0.92089915,0.9158637,0.84871376,0.7976501,0.71416813,0.64504385,0.5904845,0.56852794,0.572223
0.5934112,0.6068367,0.6364712,0.6565414,0.64335364,0.5914999,0.5083608,0.3790422,0.155596,-0.17506617,-0.54349935,-0.8367091,-0.9335279,0.81527376,0.8480303,0.87154275,0.8852774,0.9127654,0.9285466,0.8875986,0.86089796,0.78404874,0.6978236,0.60268974,0.5265365,0.4780667
0.4460569,0.4581258,0.48209566,0.48684168,0.44177833,0.34512815,0.2379693,0.18056041,0.20724048,0.29588783,0.40122834,0.5035225,0.57714456,0.78090525,0.8126696,0.83574826,0.84789765,0.8697693,0.8774822,0.83538,0.823589,0.79346585,0.7857225,0.7867772,0.8025009,0.8066703
0.5296718,0.5294924,0.5161276,0.46177104,0.35480732,0.23545177,0.1974798,0.3302799,0.62339336,0.926719,1.0832527,1.031746,0.7419351,0.8004074,0.82963926,0.84363914,0.84237534,0.85121834,0.85475,0.8275606,0.851732,0.86934906,0.903461,0.9196748,0.9112663,0.84251577
0.5613569,0.57510537,0.6061735,0.6266538,0.59996206,0.49713063,0.31892607,0.108337194,-0.054672986,-0.10704137,-0.06587848,0.010537793,0.06823863,0.80779743,0.8404852,0.86451775,0.87869406,0.9035099,0.90898705,0.85101455,0.8100131,0.74570733,0.71051973,0.69575787,0.7009914,0.6959724
0.41279882,0.4272324,0.47293946,0.5530645,0.6541403,0.7219411,0.67683095,0.48401108,0.21541826,-0.000505235,-0.13444506,-0.24869823,-0.3543919,0.77314806,0.80532366,0.83362526,0.8624846,0.9150662,0.9555826,0.9201339,0.88062906,0.794957,0.73040366,0.6823971,0.64761263,0.6040412
0.6217631,0.6219556,0.6112632,0.5632312,0.4558376,0.29358935,0.11810316,-0.0024831742,-0.002369001,0.12060995,0.2931125,0.44170648,0.51412976,0.82188654,0.8516253,0.86569786,0.864724,0.8727681,0.86679995,0.8122312,0.789182,0.7552447,0.7530086,0.76571,0.78977245,0.79296327
0.7406092,0.74453086,0.74398607,0.7061531,0.58854675,0.35566354,0.005510153,-0.39801523,-0.69988066,-0.74797714,-0.54596007,-0.19444756,0.21441475,0.84960604,0.8807716,0.89647186,0.89620537,0.901075,0.8796658,0.790487,0.7148333,0.62805724,0.59089535,0.6022103,0.6587833,0.72776884
0.65603954,0.67363435,0.71092135,0.7248558,0.6591043,0.470263,0.1534866,-0.25043747,-0.6393439,-0.87390256,-0.8756533,-0.6325555,-0.16994189,0.8298812,0.86391366,0.88880527,0.900325,0.916125,0.90341836,0.8190645,0.7425737,0.6390958,0.56739265,0.537967,0.5685734,0.644163
0.4624052,0.47969404,0.5263836,0.5877075,0.64038706,0.6531362,0.5958445,0.45558125,0.25416386,0.04818402,-0.12398544,-0.25578526,-0.32847375,0.78471804,0.8177981,0.8460171,0.87011534,0.9121326,0.9413217,0.90449363,0.8752851,0.80202204,0.73949105,0.68443525,0.6461534,0.6096789
0.58104527,0.58078164,0.5758025,0.56101555,0.5444636,0.5488184,0.5934968,0.66605,0.70000976,0.6063806,0.34141842,-0.0819407,-0.5929961,0.81238985,0.8418349,0.85747576,0.86423594,0.8916721,0.9197002,0.9040402,0.9148472,0.8833196,0.84367293,0.77512276,0.6819494,0.55213964
0.72229123,0.7194522,0.6992944,0.6359827,0.5122686,0.34064886,0.16427433,0.032129556,-0.030219033,-0.04969827,-0.09167738,-0.20174003,-0.38015756,0.8453336,0.8748083,0.88610935,0.8807489,0.8848049,0.8765538,0.82114786,0.7956883,0.7501664,0.7212223,0.69073075,0.6572817,0.5984366
0.5676369,0.5859975,0.6273804,0.6547426,0.62371635,0.50970554,0.32795608,0.12083066,-0.0662581,-0.20545395,-0.30097023,-0.36756226,-0.41638234,0.8092623,0.84307516,0.8694349,0.8848812,0.9085767,0.91159344,0.8527584,0.81236154,0.7435949,0.692152,0.6499484,0.6231376,0.5905569
0.6940733,0.6893347,0.6681297,0.6167275,0.52792686,0.40444335,0.2539216,0.09313587,-0.03339725,-0.081153885,-0.07662864,-0.10396272,-0.2334511,0.83875227,0.8676469,0.8788833,0.8765076,0.8881448,0.8897762,0.83846074,0.80715567,0.7495869,0.7153514,0.6936631,0.67741483,0.6303484
1.198713,1.095317,0.79197013,0.3323541,-0.17205974,-0.56482047,-0.72602934,-0.6369043,-0.37926903,-0.08353058,0.19239253,0.4566672,0.65003103,0.9564533,0.9641822,0.9075977,0.8138687,0.73883736,0.6888809,0.6492106,0.66992897,0.686519,0.7149078,0.7460839,0.792853,0.82252467
1.3854182,1.2459496,0.85883373,0.31748402,-0.23684402,-0.6392311,-0.76082623,-0.6381458,-0.49233326,-0.441182,-0.30991662,0.041026928,0.4780633,1.0,1.0,0.9231011,0.81059325,0.72501886,0.67345816,0.6424905,0.6696956,0.6659024,0.6481557,0.64820516,0.7072694,0.78511804
1.1779428,1.092889,0.8423542,0.4626929,0.051940292,-0.25362876,-0.35473067,-0.24194556,-0.0052965363,0.19137889,0.24685434,0.17858966,-0.004201876,0.95160913,0.96360487,0.9192801,0.8425784,0.7866167,0.75338036,0.7209165,0.74416995,0.75471085,0.76621693,0.7566962,0.73559463,0.680215
0.89818287,0.84977746,0.71676224,0.53588814,0.34670934,0.149647,-0.07243123,-0.25174108,-0.23576288,-0.030420916,0.118475616,0.038085606,-0.18118894,0.88635826,0.9057973,0.89015955,0.8587011,0.849491,0.8369656,0.7754348,0.74232864,0.7126866,0.7248202,0.73168063,0.7066637,0.64171654
0.70082897,0.686349,0.6434006,0.5686209,0.44357803,0.24494952,-0.0033348324,-0.20970368,-0.2911585,-0.26271096,-0.16765057,0.018486504,0.29370824,0.84032774,0.866937,0.87314945,0.8659112,0.8701531,0.85671854,0.78877884,0.7502305,0.7025855,0.68146557,0.6759268,0.70262814,0.7450169
0.79808575,0.7711297,0.6980835,0.58055997,0.39661595,0.17186895,0.03694827,0.05666464,0.06917776,-0.06660375,-0.2574664,-0.42697814,-0.5613261,0.86301184,0.8870963,0.88582855,0.868541,0.86013615,0.84157145,0.7965584,0.8003001,0.7682909,0.71806705,0.65842545,0.6109034,0.55902857
0.99001145,0.9327962,0.780699,0.5582447,0.26228005,-0.04460189,-0.16276406,-0.011812919,0.14360799,0.0761159,-0.09420618,-0.2981472,-0.5712233,0.90777636,0.9255377,0.90498435,0.8636256,0.83148223,0.7967045,0.7579895,0.7874283,0.7818628,0.74470425,0.690238,0.6374307,0.5568757
0.88085407,0.8324484,0.6912307,0.46357688,0.1666105,-0.11059317,-0.18513158,0.052259415,0.4488412,0.7215647,0.7454308,0.5036067,0.03130117,0.8823166,0.9016768,0.8842397,0.84277314,0.81107587,0.78302675,0.75366986,0.7994721,0.8375204,0.8651709,0.8538477,0.8025182,0.6879377
1.0482436,0.99855894,0.8530168,0.6047779,0.22485717,-0.25887594,-0.66220635,-0.74807477,-0.45409214,0.040580787,0.4855565,0.67968106,0.5402389,0.9213581,0.9411749,0.9217524,0.87387544,0.8234999,0.7522928,0.66153616,0.6490321,0.67287546,0.738072,0.8032092,0.8387733,0.7986425
1.0122671,0.98653615,0.89181745,0.6832999,0.31671995,-0.19228975,-0.70326334,-0.9705346,-0.8049869,-0.31227553,0.21728365,0.62862664,0.8539355,0.9129672,0.9383161,0.93074894,0.89117146,0.8430943,0.76609385,0.6536072,0.607216,0.6088917,0.6722148,0.7509342,0.82826084,0.8668783
0.36496124,0.37744424,0.4177301,0.4927817,0.6022368,0.71505237,0.76909345,0.7158247,0.57216495,0.41613936,0.28542495,0.13893108,-0.07106005,0.76199055,0.7934849,0.820824,0.8492061,0.90399516,0.9541548,0.9379518,0.92420346,0.8600078,0.80816627,0.764212,0.7274286,0.66567194
0.521125,0.5195511,0.51884675,0.5336491,0.58209133,0.6511197,0.6694238,0.5461082,0.27386457,-0.0149345,-0.19526872,-0.27860135,-0.35228398,0.79841375,0.8272754,0.8442696,0.85820794,0.8996981,0.9409037,0.9187034,0.89230156,0.80561435,0.7277106,0.67054516,0.64145535,0.6044997
0.43771106,0.46529052,0.53838336,0.6283927,0.6926603,0.6867815,0.5803609,0.36186352,0.055356517,-0.25138426,-0.45998797,-0.5202226,-0.4300624,0.7789588,0.8143732,0.84879947,0.8790771,0.9232825,0.94829524,0.9015034,0.8576688,0.7657706,0.68357956,0.6189626,0.59170365,0.5875812
0.58180255,0.59420854,0.62267774,0.6438597,0.62735873,0.54500365,0.38273486,0.14976776,-0.11034648,-0.3366458,-0.5114097,-0.6502906,-0.7367254,0.8125663,0.8450276,0.86834455,0.882484,0.9093537,0.9189095,0.8633374,0.8178009,0.7355556,0.6676663,0.6089427,0.5649216,0.52087545
0.35412535,0.3693742,0.4138284,0.48583487,0.58432144,0.6962988,0.77819896,0.7554859,0.5722856,0.28815514,0.04464508,-0.075003885,-0.09658866,0.7594633,0.791566,0.81991935,0.84767586,0.9001738,0.9502678,0.93971026,0.9316586,0.8600298,0.7842793,0.7172942,0.6833777,0.66011894
0.17058676,0.19974907,0.29227942,0.45776054,0.69018424,0.936243,1.0903834,1.0404422,0.74882734,0.33272976,-0.03566656,-0.27587664,-0.38278478,0.71665525,0.7512322,0.79173625,0.84149194,0.92275435,1.0,1.0,0.9852223,0.8922212,0.79259866,0.7016449,0.6420164,0.5978651
0.28712147,0.30671507,0.37361103,0.5038552,0.69022834,0.85967803,0.8882269,0.7015884,0.37385523,0.083674714,-0.09866572,-0.24052334,-0.37262952,0.74383545,0.7766668,0.8105943,0.85164523,0.92276376,0.98413074,0.96095914,0.92152745,0.8238471,0.746115,0.689369,0.6492959,0.6000741
0.32713866,0.3387554,0.36854026,0.40270895,0.422318,0.40879592,0.35880813,0.30511576,0.3175494,0.44779676,0.6712315,0.9179469,1.0915956,0.75316906,0.7842854,0.80941856,0.82936573,0.8656184,0.8906783,0.85871667,0.84700185,0.81358004,0.8140748,0.8393894,0.88783413,0.91857445
0.19503534,0.21844462,0.28819802,0.40037045,0.54018176,0.6738043,0.75820494,0.76744854,0.70756614,0.61454993,0.5134575,0.39647567,0.246056,0.7223573,0.7556777,0.7907899,0.8288506,0.89075875,0.94560546,0.935849,0.9339073,0.8846975,0.8451977,0.8086459,0.7804591,0.73465145
0.27460095,0.2860204,0.32474285,0.4012245,0.51666075,0.63723737,0.69971824,0.66832316,0.580033,0.5021282,0.42262343,0.26139268,-0.010247921,0.7409153,0.771746,0.7992634,0.82903874,0.8857417,0.9380264,0.92455393,0.9152745,0.8614425,0.82421523,0.7909462,0.7526444,0.6788999
0.43562973,0.44389254,0.46024543,0.46249565,0.42401874,0.32826158,0.18776685,0.057574753,0.023877544,0.13087396,0.32712537,0.5306283,0.67205626,0.7784734,0.80928516,0.8306819,0.84253496,0.86598116,0.8739863,0.8256848,0.8004712,0.7600306,0.7549243,0.7723377,0.80808216,0.8273156
0.21132523,0.23684293,0.30912092,0.41413558,0.52711123,0.6154429,0.65080786,0.6202284,0.52941686,0.4117021,0.30643684,0.23133479,0.17842981,0.7261567,0.76005244,0.79564124,0.8318827,0.8879708,0.9335092,0.91510826,0.9062341,0.8522129,0.8073381,0.7683063,0.74645525,0.7199413
0.15666498,0.1836118,0.26245156,0.3856263,0.5369675,0.6892078,0.80914,0.863554,0.8205598,0.68211466,0.48943278,0.27703837,0.054376457,0.713408,0.74739504,0.7848202,0.82560295,0.8900732,0.9487981,0.9456857,0.9519723,0.9053012,0.85780793,0.8039645,0.755866,0.69295704
0.32767788,0.3467036,0.39624512,0.4557047,0.49956757,0.5104525,0.48972565,0.4510082,0.40267298,0.34658533,0.28653613,0.23082177,0.1780617,0.75329494,0.7861754,0.8158424,0.8410391,0.88209575,0.91174823,0.8839997,0.8744255,0.82910186,0.79518473,0.76442856,0.74634963,0.71986127
0.21255994,0.2307459,0.29060054,0.40162116,0.5542625,0.68992656,0.71710056,0.59126323,0.3818608,0.22005594,0.13769743,0.067211196,-0.020867972,0.7264447,0.7586027,0.79134697,0.8291261,0.8937622,0.9489471,0.9279108,0.90078944,0.8253069,0.77156925,0.7354262,0.7126609,0.6765898
0.10105337,0.1264088,0.20485964,0.33919528,0.51882136,0.7021614,0.8235729,0.8318076,0.72634166,0.56968814,0.42359766,0.30286402,0.21078591,0.70043707,0.7337932,0.77146655,0.81537557,0.8862026,0.95148295,0.948473,0.9460049,0.88812107,0.83682466,0.791136,0.7611837,0.72697943
0.18950748,0.2259549,0.32973632,0.48124063,0.64369804,0.7670938,0.80153394,0.70516354,0.4618335,0.13809876,-0.14089663,-0.2766013,-0.22488165,0.7210679,0.7574635,0.80042124,0.8466639,0.9128388,0.9649412,0.9442168,0.9221994,0.83988947,0.75627273,0.68114,0.64186716,0.63221246
0.2561954,0.25764802,0.26796278,0.30397975,0.38149208,0.48997,0.593804,0.6799143,0.77445626,0.87279254,0.8821184,0.693913,0.29679787,0.73662233,0.76499957,0.78609806,0.8076187,0.85691017,0.9075029,0.9040995,0.9174533,0.8968945,0.89339614,0.8804823,0.8417038,0.7456889
0.23753741,0.24164155,0.2567356,0.29220164,0.35982233,0.45766968,0.5653896,0.66928846,0.7744556,0.8735322,0.91381806,0.8203858,0.54542756,0.7322707,0.7611935,0.78349483,0.8050243,0.852288,0.90080816,0.8986121,0.91545594,0.8968944,0.8935342,0.8866592,0.8677456,0.7997712
0.15067004,0.17664854,0.24977896,0.35450998,0.46475148,0.5495024,0.5857384,0.5669011,0.50380015,0.4341478,0.40643618,0.45015827,0.5488034,0.7120099,0.74573934,0.7818818,0.81874895,0.87466943,0.91984195,0.9025419,0.89621,0.84754187,0.8115274,0.78779197,0.7915128,0.8005055
0.26907653,0.28571108,0.33015785,0.38451427,0.41547877,0.37691122,0.2339149,0.0066479514,-0.19534627,-0.23198363,-0.060699802,0.27850285,0.7238674,0.7396264,0.7716724,0.800519,0.82535803,0.8641596,0.8840697,0.834597,0.79089844,0.72005635,0.6872005,0.696767,0.75616753,0.8385857
0.1654453,0.18625823,0.24657004,0.33737096,0.43599486,0.50143135,0.49089122,0.3979196,0.2814769,0.23781231,0.31186545,0.48677936,0.7178028,0.715456,0.74802434,0.78113776,0.8149738,0.86853564,0.90987843,0.88422483,0.86444634,0.8070024,0.7748833,0.7693641,0.7990533,0.8372665
0.11500435,0.1452399,0.2303316,0.35128838,0.47480908,0.560411,0.576999,0.5149309,0.395306,0.28720748,0.27645418,0.41757435,0.694203,0.703691,0.73827094,0.7773726,0.81803936,0.8768147,0.9221029,0.9008541,0.8864411,0.82775855,0.7841024,0.762464,0.78480345,0.83213305
0.098314345,0.11764275,0.17449552,0.26314208,0.36643714,0.44858825,0.46610135,0.40360942,0.3098302,0.28441826,0.3914107,0.62590593,0.92297643,0.6997986,0.7317088,0.7644261,0.7986234,0.85369897,0.8989259,0.8794373,0.8655159,0.8121725,0.78358185,0.7848641,0.8277006,0.88189614
0.05818723,0.084606685,0.1619656,0.28172857,0.4227501,0.5473665,0.61125743,0.5850316,0.4771351,0.3528225,0.29099345,0.33293068,0.46959615,0.6904392,0.7238534,0.76152086,0.8027174,0.86571056,0.91939926,0.90747017,0.8996181,0.8426796,0.7963488,0.76529706,0.76737463,0.78327626
0.1392623,0.15048534,0.18859541,0.2627723,0.3701027,0.4720578,0.5065686,0.45109972,0.36472753,0.32507557,0.3151444,0.25909245,0.13895793,0.70934916,0.73951817,0.7676954,0.7985419,0.85448086,0.90379035,0.88725245,0.8744427,0.8221827,0.7911701,0.7700031,0.7521708,0.7113553
0.027087728,0.03250147,0.05514423,0.11184396,0.21631996,0.3544842,0.48536533,0.5879836,0.68358135,0.77936405,0.81057525,0.68817794,0.38876182,0.6831856,0.71146375,0.73675257,0.76529694,0.82167894,0.87942135,0.8831576,0.90017295,0.880324,0.8759586,0.86654156,0.8405229,0.765693
-0.19204442,-0.17138012,-0.10401637,0.023539184,0.22376582,0.491841,0.7981564,1.0959218,1.3129152,1.3792552,1.2785041,1.0206211,0.6056272,0.6320758,0.6629843,0.6998486,0.74584603,0.8232671,0.90789074,0.9435645,0.9956508,0.9950796,0.9879224,0.9577211,0.9089756,0.8128659
-0.30141816,-0.27350613,-0.18735601,-0.03787549,0.17901897,0.46093827,0.7905887,1.1190591,1.3398994,1.3573425,1.1918846,0.9223192,0.5811389,0.6065655,0.6387006,0.6805249,0.7323183,0.8137226,0.9014856,0.942103,1.0,1.0,0.9838326,0.94084257,0.88873446,0.80753917
-0.32996237,-0.31758615,-0.27402148,-0.18134786,-0.016951833,0.23032331,0.5478702,0.9035776,1.2315768,1.4439656,1.4954776,1.3807693,1.0836471,0.5999079,0.6282192,0.66043013,0.7007156,0.771922,0.85368705,0.8952287,0.9594956,0.980248,0.99999994,1.0,0.98313296,0.91684544
-0.44547358,-0.42353797,-0.351552,-0.21469812,-5.3616186e-06,0.28769127,0.61734843,0.9388253,1.178975,1.279243,1.2533473,1.147644,0.9712262,0.5729661,0.60302573,0.6424534,0.69336957,0.77553666,0.86557746,0.90864646,0.9661212,0.9706563,0.9692561,0.95281905,0.93513066,0.8923915
-0.42227003,-0.41163415,-0.37578276,-0.30461589,-0.18720956,-0.021416057,0.18149783,0.4075786,0.6347978,0.8241873,0.951451,1.0223006,1.0374329,0.5783782,0.60585624,0.6368351,0.67356336,0.73560596,0.8015101,0.8244741,0.86626196,0.87142855,0.88432443,0.8939923,0.9093214,0.9067929
-0.5659322,-0.5648114,-0.5479912,-0.4767109,-0.3010272,0.0016044322,0.39095756,0.7830276,1.0916003,1.2825123,1.3942024,1.4626846,1.4480354,0.54487085,0.56943345,0.5969057,0.635656,0.71132857,0.80628145,0.8649254,0.93683565,0.954724,0.9698663,0.98026574,1.0,0.9961077
-0.72166157,-0.70216644,-0.6336479,-0.49179846,-0.25510573,0.06982177,0.43652436,0.78028387,1.0344058,1.1660851,1.2127573,1.2370757,1.2598687,0.50854874,0.53677285,0.57704484,0.6323327,0.72112364,0.82042056,0.87372535,0.93631995,0.94429487,0.94813627,0.9449098,0.95354533,0.9551774
-0.70914793,-0.69337624,-0.64013195,-0.5352837,-0.36548337,-0.13127552,0.14315268,0.41682643,0.6345953,0.75564975,0.80461353,0.84749,0.9210554,0.51146746,0.53886306,0.5755414,0.6227542,0.69758004,0.77874,0.8170688,0.86800027,0.87139165,0.87153256,0.86537987,0.87332654,0.88147825
-0.8409576,-0.82859874,-0.7835238,-0.6851649,-0.509661,-0.24536222,0.09302964,0.46834588,0.81417143,1.0570858,1.192115,1.2720556,1.3188251,0.48072433,0.5067095,0.54229367,0.58973986,0.6668269,0.7550937,0.80738896,0.8776845,0.90413636,0.92779267,0.9408875,0.96074796,0.9680017
-0.91643953,-0.9012004,-0.84612405,-0.72751564,-0.51905847,-0.2103868,0.17692325,0.59340787,0.9567311,1.1873167,1.2923026,1.338972,1.3530394,0.46311903,0.48944616,0.52777874,0.58041126,0.66482246,0.76234293,0.82359064,0.90119255,0.9301313,0.95209897,0.9604098,0.9745266,0.975444
-0.9657179,-0.9482842,-0.8891822,-0.77207196,-0.57931554,-0.3031841,0.04001777,0.40495318,0.7094966,0.88290745,0.9582031,1.035216,1.1595218,0.45162535,0.47825047,0.517795,0.5705969,0.6519696,0.7431092,0.7971512,0.86576843,0.88504946,0.89528394,0.89530796,0.9119808,0.93334985
-1.0541686,-1.0430897,-1.0033491,-0.9184558,-0.7673778,-0.5326155,-0.21451785,0.1620634,0.53311926,0.82065946,1.0284575,1.2342657,1.4659292,0.43099546,0.45570743,0.49132356,0.5383529,0.61185586,0.6955559,0.7479947,0.8201121,0.85288805,0.883666,0.9089976,0.9529667,1.0
-1.1419736,-1.1288873,-1.0817332,-0.9809631,-0.8038874,-0.5365514,-0.18950848,0.1990071,0.55581063,0.8086995,0.9793058,1.1604613,1.3896574,0.4105158,0.4353063,0.4731489,0.5245844,0.60406834,0.6947402,0.7528246,0.82705647,0.8570257,0.8814338,0.89942,0.93776983,0.9834092
-1.2540331,-1.2428527,-1.2002807,-1.1035688,-0.925419,-0.6475749,-0.27945685,0.13771221,0.5232483,0.79378366,0.9642264,1.127954,1.327763,0.3843794,0.4082074,0.44566175,0.49757808,0.5781456,0.6717288,0.73545355,0.8155348,0.8510881,0.8786499,0.89648163,0.9310763,0.96994585
-1.2072585,-1.194439,-1.147261,-1.0440916,-0.8601166,-0.5814684,-0.22368139,0.16440186,0.49617782,0.6909569,0.7692617,0.8233004,0.89895487,0.39528894,0.41971928,0.4579552,0.5106791,0.59207463,0.6854304,0.74622506,0.8205517,0.84615195,0.85945827,0.8584913,0.8683457,0.87667096
-1.291282,-1.2821233,-1.2459148,-1.1607919,-1.0009248,-0.7500189,-0.42015186,-0.05429011,0.2715953,0.48202577,0.59030116,0.680903,0.80000687,0.3756914,0.3988695,0.4350807,0.48497358,0.5620402,0.65049565,0.70828223,0.7794438,0.8052006,0.82046336,0.8236195,0.83902496,0.85514766
-1.4196075,-1.4166474,-1.3991601,-1.3451897,-1.2271963,-1.0237125,-0.7379872,-0.39794695,-0.056262407,0.22262065,0.44052067,0.6721297,0.9625679,0.34576082,0.36688212,0.3995483,0.44435626,0.5137764,0.5937683,0.64690125,0.71484613,0.74541754,0.77204794,0.7944336,0.83721846,0.8905081
-1.5387576,-1.537781,-1.5248331,-1.4737126,-1.350039,-1.1242778,-0.79345435,-0.3836204,0.04423995,0.40529582,0.68683106,0.9616179,1.2685025,0.31797075,0.3380787,0.37040895,0.41604656,0.48757398,0.57292455,0.6361893,0.71753913,0.7637436,0.80614245,0.84242904,0.8968264,0.95705545
-1.6260835,-1.6274052,-1.6207464,-1.5781077,-1.4622192,-1.2402352,-0.9072217,-0.4890042,-0.0480268,0.32463926,0.6076697,0.8681419,1.144137,0.29760265,0.3167677,0.3481699,0.39305145,0.4636459,0.5488906,0.6142183,0.69772995,0.7469192,0.7910887,0.8270039,0.8775789,0.9300033
-1.9149774,-1.9276081,-1.9543364,-1.9650646,-1.917529,-1.7699556,-1.5070329,-1.1394444,-0.70355743,-0.2819439,0.07889717,0.42227694,0.7878274,0.23022175,0.24538481,0.27082157,0.3078165,0.36652818,0.43909767,0.4983815,0.57546574,0.6273868,0.6778759,0.7239685,0.7857718,0.85249835
-2.1495667,-2.1721058,-2.2284803,-2.2879453,-2.3058436,-2.2350953,-2.0537946,-1.7609899,-1.3681626,-0.9446694,-0.5570676,-0.18658283,0.20803498,0.17550659,0.1872476,0.20725682,0.2366956,0.28370053,0.34269017,0.39278972,0.45863292,0.50619966,0.5541847,0.6000459,0.6604027,0.72638106
-2.5549333,-2.5960932,-2.7089448,-2.863928,-3.0159562,-3.113313,-3.1272717,-3.0389495,-2.8091686,-2.469976,-2.1201491,-1.7925718,-1.4385614,0.0809598,0.08643101,0.09585324,0.109823905,0.13223326,0.16066566,0.18547758,0.21841301,0.24344015,0.2695012,0.29546753,0.3297168,0.3682111
-2.902044,-2.9595816,-3.1223433,-3.3625162,-3.6358953,-3.8884802,-4.087688,-4.200897,-4.1442246,-3.9139373,-3.636474,-3.3938544,-3.1313193,0.0,0.0,0.0,0.0,0.0,0.0,0.0,0.0,0.0,0.0,0.0,0.0,0.0
-2.902044,-2.9595816,-3.1223433,-3.3625162,-3.6358953,-3.8884802,-4.087688,-4.200897,-4.1442246,-3.9139373,-3.636474,-3.3938544,-3.1313193,0.0,0.0,0.0,0.0,0.0,0.0,0.0,0.0,0.0,0.0,0.0,0.0,0.0
