0,1,2,3,4,5,6,7,8,9,10,11,12,13,14,15,16,17,18,19
-4.536960124969482,-5.983213424682617,2.7444863319396973,-4.599382400512695,3.8249926567077637,4.132525444030762,1.7233175039291382,2.58579683303833,1.9645960330963135,3.188255786895752,-2.0676543712615967,3.770504951477051,4.290226936340332,1.193590032276639,-3.0176564569377162,-3.8631695626256697,-4.290924948219664,-3.3134280292065617,-5.1531017030486135,-3.8269994847239692
-3.3834919929504395,-5.122042179107666,1.9508343935012817,-3.0155045986175537,3.450782299041748,4.998620986938477,4.356008529663086,2.107433557510376,2.8094961643218994,2.8206675052642822,-1.663362979888916,2.7768778800964355,4.0672383308410645,-0.9827324442677232,-1.1738972066311895,-3.3914977898720244,-4.102058950066717,-3.6211283925334046,-4.679301201292195,-2.9390841266079075
-2.345686197280884,-4.2563371658325195,0.9351633787155151,-2.538194179534912,2.488187313079834,4.974028587341309,4.517772674560547,2.3225173950195312,4.085787296295166,2.6451256275177,-0.06727772206068039,2.5637948513031006,4.062469959259033,-1.8207777481189125,-1.9565803163333593,-2.562157550023488,-4.235848033278664,-3.280024316408147,-4.6110529141588845,-1.8963067797948225
1.3567935228347778,0.9564088582992554,-1.5171492099761963,-1.2390470504760742,-0.029956644400954247,5.716903209686279,4.158994197845459,1.284952998161316,6.952539920806885,2.042236566543579,3.84090518951416,2.5039360523223877,4.047571182250977,-1.9528731890668045,-3.839999909078498,-4.37208739428253,-4.797271687394785,-3.941277468016835,-5.445132048125999,0.75501889287091
2.9340851306915283,4.208940505981445,-1.3946361541748047,-0.18378381431102753,-1.1367175579071045,4.901048183441162,0.7300748825073242,0.08533681184053421,5.529385089874268,0.5626816153526306,1.9886558055877686,-0.11060100793838501,3.3473472595214844,-1.328367133073725,-1.1998469804546121,-3.5036703352143084,-4.508446188848386,-4.212127655814508,-4.536239994082428,1.5401450391989797
2.94496750831604,5.431098937988281,-0.9490108489990234,-0.025817522779107094,-1.1998200416564941,2.9781291484832764,-1.6795461177825928,-0.29645276069641113,4.058595180511475,0.4526749551296234,3.5073535442352295,-0.16461068391799927,2.639786720275879,0.6897516642661996,-1.064543132389222,-3.5677937716901447,-2.61018733878833,-3.4654715001115095,-3.737769744736916,0.9557706407493239
1.7826060056686401,4.52564001083374,-0.5134657025337219,-0.32681721448898315,-0.39054933190345764,0.35975420475006104,-2.151263475418091,-0.340963214635849,1.5112566947937012,1.179137110710144,4.387073040008545,0.6099411249160767,0.7235673666000366,0.34635552968389677,1.235405215269315,-2.8974231528829915,-0.5877577837210156,-2.639423928282686,-1.4358425190536657,0.21859117800315753
0.5460913181304932,0.5325950384140015,-0.5339642763137817,0.5775434374809265,0.34380847215652466,0.8521684408187866,2.058631420135498,0.7130347490310669,2.0918948650360107,0.5832253098487854,1.394657015800476,0.9445425868034363,0.304358571767807,2.929808537027935,-0.4461420452109458,0.932984235883827,0.512821154482062,-0.09253358693537811,-0.3010617872805646,0.006468677483638927
0.40505531430244446,0.043315526098012924,-0.48849543929100037,0.6671687960624695,0.24859121441841125,0.672380805015564,1.4786211252212524,0.35259225964546204,1.5382883548736572,0.3114830553531647,1.1665652990341187,1.4091733694076538,0.5702726244926453,0.7110367291595953,0.6910339765673862,0.7768099273588646,-0.07080074657848742,-0.19199842636922548,1.2458939380668115,0.11830486708840827
0.26743876934051514,-0.5132361054420471,-0.583856999874115,0.6932573318481445,0.2565041482448578,0.4723009765148163,0.581596314907074,0.08911984413862228,1.5855594873428345,0.4614139497280121,0.6717532873153687,0.5370818972587585,0.29740196466445923,0.3417084973633252,1.4973328289252374,1.6572756563064448,0.5334692916211347,0.4754746910907914,-0.3553488819869539,0.47373772788160434
0.2654705345630646,-0.46831023693084717,-0.612419843673706,0.6643916964530945,0.3117845356464386,0.40061360597610474,0.04986845701932907,-0.3603677451610565,1.2736842632293701,0.4703620970249176,0.6530019640922546,0.7715195417404175,0.4877384901046753,0.877769563100689,1.4761646621310018,0.7993848481314897,0.2682165610803099,0.3651215677397109,0.6964628044649871,0.34072544424762097
0.27078258991241455,-0.5279437303543091,-0.8206987977027893,0.45540446043014526,0.2601388096809387,0.409596711397171,0.07066115736961365,-0.6011113524436951,0.8277174830436707,0.08170893788337708,-0.04155055806040764,0.5569947957992554,0.26358845829963684,2.344505419638983,1.4629524851245137,0.6599778599697234,2.293470313101043,0.7863845999016625,0.14585098613954078,0.07532523529698053
0.3225034475326538,-0.30385059118270874,-0.7294391989707947,0.6139022707939148,0.5358191728591919,0.7046228051185608,0.8438044786453247,-0.09349142760038376,1.5380431413650513,0.2122732698917389,-0.41989967226982117,0.41664114594459534,0.486042857170105,1.8610215674629367,-0.44071535381870475,0.9454443933936657,-0.2535250353555798,-0.32014613866936903,0.23353683077164897,0.7241880238371554
0.3794214129447937,0.014784146100282669,-0.6082615256309509,0.6460444331169128,0.4430859684944153,0.4614216387271881,0.5630329847335815,0.03557738661766052,1.7546768188476562,0.2585519254207611,-0.3595847487449646,0.7340615391731262,0.7507416009902954,1.571936291084975,0.2360505588952929,0.6567946532062463,-0.08253517290828087,0.007774247378018299,0.4141348709194776,0.2815104830598545
0.5433242321014404,0.26749637722969055,-0.811383843421936,0.05520026758313179,0.021953942254185677,0.7960715293884277,0.5912652015686035,0.1863330453634262,1.0880444049835205,0.30626294016838074,1.148909568786621,0.15324445068836212,0.43862563371658325,1.9009416911784145,-0.11531756080315719,0.24018868472878688,-0.43792719161444205,0.21426177571531038,0.9654371074255619,0.6055429022387397
0.929889440536499,1.0497517585754395,-1.0269715785980225,-0.38767850399017334,0.293972909450531,2.2020316123962402,1.5261350870132446,0.5838838815689087,0.4674687683582306,0.66948401927948,4.438492774963379,0.03148438781499863,1.1220780611038208,0.36050235972804523,-0.10631417505352303,0.13649691129632358,-1.1137020948086052,-0.5111353024375073,0.19425211421196162,0.40020527312073517
0.8747636675834656,0.879306972026825,-0.9652591943740845,-0.2773260772228241,0.3710521459579468,2.269810676574707,1.4416784048080444,0.3620317876338959,0.04009050130844116,0.4636009633541107,4.499897003173828,0.16386134922504425,1.0392674207687378,0.02542860027504075,0.243101039186208,0.46431680739082376,-0.5527747050766486,-0.19900048264488185,0.41857081566268045,0.3483691202151012
0.49673548340797424,0.09794745594263077,-0.5099153518676758,0.5201930999755859,0.06918738037347794,0.7435163855552673,0.3827057182788849,0.03509680926799774,0.48485928773880005,-0.017233317717909813,1.3481019735336304,0.17285671830177307,0.21489541232585907,2.9493399428149263,0.11968969993293119,0.751597028005088,-0.1722104872791426,0.2452695961258488,0.06081505742525383,0.35632260371068947
0.4402666687965393,0.5131756067276001,0.009518129751086235,0.9557065963745117,-0.10064151883125305,-0.021074118092656136,0.5836228728294373,0.5732772350311279,1.8644042015075684,0.12275955080986023,0.2670343518257141,0.3924354016780853,-0.03242079168558121,1.1509870213909408,-0.2900782943637104,-0.038921991129226244,0.7898723295464104,0.5418146374971856,0.6849693286114404,0.3920162539718751
0.3553604483604431,0.29701292514801025,-0.1556226760149002,0.7435208559036255,-0.19141589105129242,-0.21837250888347626,0.5529186129570007,0.3144776523113251,1.1565715074539185,-0.24603642523288727,-0.06793780624866486,0.9213471412658691,0.4026535451412201,1.4096845307744237,0.3657184941359688,0.5265557474297285,0.11237412142667084,-0.2670192925096312,0.28764235718919556,0.5552695237929032
0.26980283856391907,-0.15041424334049225,-0.2752895951271057,0.5839358568191528,-0.5659224987030029,-0.4690709114074707,0.1738051474094391,-0.035955578088760376,0.03616717457771301,-0.579906165599823,0.322422057390213,0.7348149418830872,0.23701214790344238,2.58983004577324,2.263413656270078,0.10161377636074195,0.4835725406369405,0.8672678652086611,0.2680409737401119,0.4491836539883744
0.325152188539505,0.22868569195270538,-0.15644295513629913,0.4823497235774994,-0.3875197768211365,-0.22992518544197083,0.43513810634613037,0.5457250475883484,0.378709614276886,-0.38140565156936646,1.169298768043518,0.3822547495365143,0.22347691655158997,2.05933979060793,1.3846318937085973,-0.018731017886129315,0.3450210570166749,0.10656500113522986,0.08087527860814446,0.32334472982335255
0.3048230707645416,0.20942287147045135,-0.2081700563430786,0.4061024785041809,-0.2015087902545929,-0.09876955300569534,0.2541370987892151,0.38794922828674316,-0.026750098913908005,-0.4346582889556885,1.146662950515747,0.005335574969649315,0.09892301261425018,0.9509049236694372,-0.08756987379275971,0.38920930601926734,-0.20161212205990892,-0.1654171139463939,0.5004497433182912,0.20508154987536767
0.3249518871307373,0.25693148374557495,-0.22221283614635468,0.4600198268890381,-0.2650078237056732,-0.08506790548563004,0.7404484152793884,0.17414073646068573,0.20753392577171326,-0.34595832228660583,0.11369824409484863,0.18145900964736938,0.07406578212976456,0.5607093942212542,-0.4612364870043528,0.07704126470512125,0.14536802577702207,0.8895320313098627,0.16182992789125528,0.36300785018797116
0.402119904756546,0.526395857334137,-0.2857341766357422,0.519959032535553,-0.10689481347799301,-0.13893575966358185,1.0327727794647217,0.2126760631799698,0.15681730210781097,-0.33567020297050476,-0.05704858899116516,0.5691760778427124,0.27286943793296814,-1.022310537236132,-0.4827624646034492,-0.10193187330896912,-0.5512224639307934,0.3811301527595126,0.5720533961465141,0.41229922093491506
0.38626566529273987,0.557123064994812,-0.1319439858198166,0.5274826288223267,-0.30340832471847534,-0.43842577934265137,0.32022491097450256,0.5176844000816345,0.1812930405139923,-0.5582402348518372,0.3768090009689331,-0.02523101679980755,-0.2924276292324066,0.7546427280174172,-0.39576433452540116,-0.10862329685187597,0.5897706058474573,-0.05484354931969219,0.05558567400695712,0.34165773240462005
0.3604872226715088,0.2877542972564697,-0.14847879111766815,0.40932497382164,-0.815119206905365,-0.666662335395813,-0.6092128157615662,-0.04848059266805649,-0.28388017416000366,-0.9065542221069336,0.6399210691452026,-0.09275759011507034,-0.7097519636154175,-0.11835546278428426,0.5975117473268451,-0.062312673905287455,0.6180638293782692,0.009117717602429647,-0.2523258224211605,0.4137125009613925
0.41031596064567566,0.41558295488357544,0.0035588250029832125,0.6120707988739014,-0.8908382654190063,-0.4646674692630768,0.19921140372753143,-0.011530043557286263,0.1343057006597519,-0.9855747818946838,-0.21809764206409454,0.4182460308074951,-0.27091896533966064,0.48179177695644115,-0.6013403474132523,-0.7594358756852753,-0.034925850897443024,0.25196496430972326,0.5016402809107922,0.4552224735951038
0.4421772062778473,0.5115081071853638,-0.11308950185775757,0.5907400846481323,-0.6070261597633362,-0.17364488542079926,1.223027229309082,0.3913009762763977,0.6468412280082703,-0.5612905621528625,-0.38940322399139404,0.21382929384708405,-0.24263876676559448,0.4781490785117472,-0.24374187121005186,0.9139719581018116,-0.22736967911190806,-0.2470121768696385,-0.48170842726348323,0.29346351376994845
0.39228346943855286,0.39892688393592834,-0.17409922182559967,0.6615619659423828,-0.3139071762561798,-0.2545865476131439,0.7090426683425903,0.13930174708366394,0.5067130923271179,-0.016005460172891617,0.39854905009269714,0.19816824793815613,-0.10270930081605911,-0.1900184590812399,0.1789704545902409,0.23117099148601009,0.2255585872546069,0.7329541639945202,0.3918709197793104,0.17573503343242391
0.3408866226673126,0.3681296706199646,-0.27467116713523865,0.5595744252204895,-0.08368442952632904,-0.3039689362049103,0.2040776163339615,-0.23843084275722504,0.12102093547582626,-0.004205196630209684,0.3325490653514862,0.03808341175317764,-0.21448440849781036,1.4762201054589523,-0.040230949456035475,-0.07468904049870004,0.6512492710739419,0.31646137645210437,0.31530663214972376,0.18286718968192228
0.34494680166244507,0.6108810305595398,-0.1346324384212494,0.4409913420677185,-0.3077043890953064,-0.34753164649009705,0.30019721388816833,-0.5103763341903687,0.1607050895690918,-0.05911467596888542,0.4735555052757263,1.037238359451294,-0.2331860065460205,0.06631407923278282,-0.1933551671643624,-0.5437902059743697,0.39477167327889395,0.11123967349326051,0.7869834483988031,-0.016304231091316696
0.35622137784957886,0.2965070307254791,-0.36990612745285034,0.35151565074920654,-0.3788158893585205,-0.1367083489894867,0.8329325318336487,-0.22571350634098053,0.32987266778945923,-0.044040512293577194,0.6530201435089111,0.6018523573875427,-0.5478385090827942,0.4392510900217858,-0.2830014610325779,0.5353289014186821,0.02397622877058048,-0.2819967620015604,0.4002437015982695,0.38091698842212435
0.34365615248680115,0.2345210313796997,-0.2018970549106598,0.7102502584457397,-0.15357312560081482,-0.10595054924488068,0.6457886695861816,-0.3397558331489563,0.1274653822183609,0.21631789207458496,0.44251057505607605,-0.13742806017398834,-0.17102983593940735,0.7080878745427207,0.7400214347405218,-0.08055998548769171,0.39399214216485073,1.3572836255104308,0.297888282756355,0.22583152705998522
0.3874971866607666,0.23776786029338837,-0.28259050846099854,0.7869043946266174,-0.029207566753029823,-0.10203760862350464,0.36681699752807617,-0.23328594863414764,0.6272801756858826,0.3527156114578247,-0.5636732578277588,-1.4580951929092407,-0.6187373995780945,0.9153087202891185,-0.3066135410828624,1.4371614381644573,0.389425311403928,0.0037740158143790103,0.5709968441776955,0.5594934352762962
0.4489753842353821,0.41998255252838135,-0.23945869505405426,0.6762598752975464,-0.20186841487884521,0.018512383103370667,0.035343319177627563,-0.4275154173374176,1.0832082033157349,0.5754868984222412,-0.12780635058879852,-1.7723993062973022,-0.8264164924621582,0.9475422190381527,0.08701770645943323,0.3135707476558613,0.10894979749146573,0.42866413612294074,0.6884677052672534,0.1257993656984148
0.4143645167350769,0.2279265820980072,-0.43038836121559143,0.37591424584388733,-0.333240270614624,-0.05940454825758934,-0.9074534773826599,-0.9978507161140442,0.027546243742108345,-3.0795692964602495e-06,0.44542065262794495,-0.685234546661377,-0.3482779860496521,1.2460164319719906,1.1868189112897918,-0.19935461253708525,0.6539439480946054,0.005138386969312442,0.13038134819987723,0.22822203871470756
0.396192342042923,0.36675867438316345,-0.41432708501815796,0.24556678533554077,-0.2759340703487396,-0.14338146150112152,-1.0153197050094604,-0.8388282656669617,0.4242439270019531,0.3595013916492462,0.43672311305999756,-0.9191920161247253,-0.4927973747253418,1.7371564462898008,1.3792755051442962,-0.22596110954849175,0.3314765976454637,0.3341178328423693,0.654492380490254,0.5062983607987187
0.38931700587272644,0.34222856163978577,-0.4103592038154602,0.4797726273536682,-0.0446968600153923,-0.11969777196645737,-0.30032920837402344,-0.44043123722076416,1.0159739255905151,0.4399266839027405,0.23593975603580475,-0.22792738676071167,-0.32903537154197693,1.0734167429140213,1.0973710144123576,-0.11417846297121695,-0.08116127073323284,-0.44748859276368536,0.06698127385498313,0.6566068814554364
0.3356948494911194,0.12563827633857727,-0.3659783899784088,0.504867434501648,-0.19432581961154938,-0.11061802506446838,0.06192434951663017,-0.3777467608451843,0.6652143001556396,0.14584572613239288,-0.13062673807144165,-0.2655027508735657,-0.1730593740940094,0.6021438297831541,-0.08281123131288783,-0.08008348227601467,0.14077568021230297,0.7086577775949194,0.5664336361404212,0.4359651871396051
0.38196539878845215,0.2917649447917938,-0.36494895815849304,0.35048651695251465,-0.3251095712184906,-0.023484081029891968,0.47775137424468994,-0.18744134902954102,0.22497248649597168,-0.038798972964286804,0.5162316560745239,-0.05871312692761421,-0.06092924252152443,0.5249992989815525,1.4350036257448988,-0.23791346749942854,0.1299398370156042,-0.31842007066154177,0.27349702559449623,0.49838952904986694
0.36078938841819763,0.5193294286727905,-0.08568547666072845,0.4546080231666565,-0.3385623097419739,-0.2033982127904892,0.26811790466308594,-0.11031151562929153,-0.1554778814315796,-0.03496209532022476,1.3683325052261353,-0.1628880351781845,-0.373828262090683,0.261482746220141,0.37740535799452624,-0.18414387151064543,0.7852057980052805,0.6527330086102759,-0.0293842327154426,0.5213350347972514
0.37614744901657104,0.5916866064071655,-0.22790269553661346,0.2695862054824829,-0.44117245078086853,-0.5316243767738342,0.10157707333564758,0.3223781883716583,-0.2826240062713623,-0.6409600377082825,0.9073672890663147,-0.19338077306747437,-0.3799278438091278,1.0749187718273407,-0.22683179430447803,-0.2159075093966872,0.1260058672901753,0.11050853003408387,-0.3375100846613437,0.3957017887124842
0.3173179626464844,0.38226717710494995,-0.24711401760578156,0.40340107679367065,-0.5415780544281006,-0.7137805819511414,0.9293345808982849,0.6981942057609558,0.5128456354141235,-0.5541914701461792,0.5750812888145447,0.7349295020103455,-0.43788304924964905,0.6627564495840308,0.0400649106523158,0.13018678511555354,0.3388180167937248,1.457515833487711,0.3117745582257775,0.5939311829553086
0.3052377700805664,0.340006560087204,-0.26473090052604675,0.3591335713863373,-0.507737398147583,-0.46274247765541077,1.8393365144729614,0.8967705368995667,0.628747284412384,-0.5104936361312866,-0.13662420213222504,0.6518362164497375,-0.3890448808670044,0.764647702597367,-0.552553086132908,1.4916832411744978,-0.6848612816104898,0.21367202260525622,0.240711277518353,0.3192918991514706
0.27528318762779236,0.2652556002140045,-0.14956142008304596,0.3786718547344208,-0.5628762245178223,-0.4723431169986725,1.207854151725769,0.5290968418121338,-0.37297022342681885,-0.9107276797294617,-0.2580185532569885,0.4568677246570587,-0.08611990511417389,0.8121711011447597,1.5629465396528859,0.5046843253157887,0.20199120283064037,0.14619164968309548,0.3520504543243202,0.10621312881165619
0.28766703605651855,0.3481474220752716,-0.13718384504318237,0.3959351181983948,-0.3772125244140625,-0.5059229135513306,0.5022884607315063,0.6047085523605347,0.032616302371025085,-0.5107453465461731,0.23514990508556366,0.24458029866218567,0.21125566959381104,0.01510439941873672,0.6810387037038167,-0.27162353472639006,-0.28123884258670484,0.46894505022629845,-0.29060070449988645,0.058682540253697416
0.28278955817222595,0.19673936069011688,-0.17243066430091858,0.6141907572746277,-0.23250804841518402,-0.5109903216362,-0.2850649952888489,-0.15329419076442719,0.1952219009399414,-0.29770737886428833,-0.29475367069244385,0.392220675945282,0.33664730191230774,0.3062348892316781,-0.46665558868865054,-0.17578191723127506,0.9105218180864085,1.173913110384471,0.1596035334908569,0.2781610948775668
0.315043181180954,0.19905219972133636,-0.2777039408683777,0.4691218137741089,-0.3985127806663513,-0.4024619460105896,-0.5329510569572449,-0.6777802109718323,0.4015263020992279,-0.34685954451560974,-0.9060577750205994,-0.25689175724983215,-0.48890548944473267,0.8306212475913322,0.3016505915786244,1.363599082139148,0.1696370469760861,0.5133559185398353,0.1546642648960232,0.38187427161691945
0.3418430984020233,0.12307953834533691,-0.5174604654312134,0.15818695724010468,-0.5017982125282288,-0.23212496936321259,-0.40227842330932617,-0.8559214472770691,0.103367380797863,-0.03192153573036194,-0.2032565027475357,-0.5592736601829529,-0.278405100107193,0.19006158593522227,0.1864187126835976,0.22990945999883197,0.020491083540094265,0.45625746669977374,0.0957804187779798,0.5992695911338058
0.30723756551742554,0.2123716026544571,-0.3386744260787964,0.5473007559776306,0.03985980153083801,-0.40041932463645935,-0.7411052584648132,-0.7502052187919617,-0.5583854913711548,0.3425854444503784,-0.20553365349769592,-1.7174407243728638,-0.27622631192207336,1.10922406486779,0.8875445072036409,1.6879240678412903,0.2130200802500755,0.18762499452901213,0.38028580188547145,0.5041662534131074
0.34536296129226685,0.3354346752166748,-0.2809801995754242,0.6834242343902588,0.256182998418808,-0.13895978033542633,-0.3055277168750763,-0.7450308799743652,-0.4268436133861542,0.7652770280838013,0.11236195266246796,-2.142129421234131,-0.6736113429069519,-0.472728932946121,-0.5502949881545417,-0.17219127852509397,0.2306751892411366,-0.4999667048075252,1.1309933032458321,0.31416188980821336
0.41990455985069275,0.250681608915329,-0.45881301164627075,0.455081969499588,-0.1786046326160431,-0.14006589353084564,-1.1090627908706665,-1.353346347808838,-0.6992291212081909,0.2675344944000244,0.3612290918827057,-1.405537724494934,-0.636763870716095,-0.3306259343258506,1.2126013625554264,-0.20334802380768202,-0.20733019555195814,-0.00023050281746810224,0.020821960282715397,0.39639233250614386
0.3401299715042114,-0.11264041811227798,-0.5904140472412109,0.3260103762149811,-0.26343899965286255,-0.10681610554456711,-0.8412923812866211,-0.9177187085151672,-0.011050116270780563,0.19097143411636353,0.258991003036499,-0.8555284738540649,-0.2710843086242676,-0.1559569529010225,0.14400940637328463,0.0306136993265595,0.5714790504407253,0.08613333748302643,0.08211396500269509,0.1251538121144578
0.337960422039032,0.09931270033121109,-0.3092377483844757,0.38669344782829285,-0.42712897062301636,-0.09422001242637634,-0.6224164366722107,-0.9676423668861389,-0.4399035573005676,-0.22298654913902283,0.018562158569693565,-0.735940158367157,-0.2803386449813843,-0.6639136609056907,-0.32627478522975006,-0.12014365624001322,0.31458715158876926,0.6251040325124904,-0.08602005077360159,0.379665771319469
0.29425036907196045,-0.1957525610923767,-0.49332189559936523,0.2821197807788849,-0.6132627129554749,-0.3691364824771881,-0.9615862369537354,-1.0795128345489502,-1.137096881866455,-1.0897061824798584,-0.7280081510543823,-0.437621533870697,-0.4629267454147339,-0.8592358441500546,0.9835157045519253,-0.14092240649810356,0.022777009326933245,0.7342964610523741,-0.047277891547185,0.4521769172329902
0.2637069523334503,-0.24441131949424744,-0.5031962394714355,0.2750524580478668,-0.6753020882606506,-0.422256737947464,-0.182859867811203,-0.5825799703598022,-0.16425363719463348,-0.6088922619819641,-0.450473427772522,-0.19193683564662933,-0.7742072343826294,-0.05918673068251373,1.2895677410852837,0.07918792262561611,0.6120088936425316,0.5386595062032111,0.45339160879831447,0.4412736276405159
0.3685285747051239,0.3076634407043457,-0.17289112508296967,0.5545485615730286,-0.49584537744522095,-0.26679185032844543,0.3307640850543976,-0.014153650961816311,0.6082879304885864,-0.44174182415008545,-0.3225269913673401,-0.23359256982803345,-0.6720378398895264,0.13537913979573896,-0.41452736424890513,-0.05454697359400728,0.4776552637707238,-0.505236227622942,-0.035969281209980074,0.6197386644012081
0.3897292912006378,0.5572415590286255,0.09989771246910095,0.7065016031265259,-0.4311203956604004,-0.39722776412963867,-0.5550640821456909,0.0014361627399921417,0.04653249308466911,-0.9527088403701782,-0.27728205919265747,0.11704070121049881,0.12305596470832825,-0.16640053230169985,-0.7072289533944246,0.8828329081010884,0.1367904629618479,0.19360063517258916,-0.27086433336229876,0.5368145023925855
0.31771713495254517,0.12460141628980637,-0.21494589745998383,0.38886508345603943,-0.5087625980377197,-0.37365731596946716,-0.5129652619361877,0.15717343986034393,-0.5462717413902283,-1.3459607362747192,0.2482883781194687,0.4069993793964386,0.45356854796409607,-1.2016850207573933,0.15732136604445993,1.0029637001568577,0.38393192327665066,0.1097341155789142,-0.7389940949643833,0.24001609365945728
0.29273948073387146,-0.09093424677848816,-0.39121100306510925,0.31282731890678406,-0.5753584504127502,-0.3775586485862732,0.3671261966228485,0.7726621627807617,0.31433841586112976,-1.2572842836380005,-0.5384758114814758,0.054971400648355484,-0.07015695422887802,-0.5573663682823219,0.802243334868949,0.2897327350080033,-0.054331659476618735,0.5513226356920861,0.3660805668453123,0.43090311556529404
0.3026661276817322,-0.06852535158395767,-0.42759719491004944,0.3629148602485657,-0.5182645320892334,-0.46447136998176575,0.2942153215408325,0.637938380241394,0.18396160006523132,-1.2915544509887695,-1.1984856128692627,-0.1979523003101349,-0.03245799243450165,0.8233844333175566,-0.40914535096311655,0.5615072820145232,0.04470866444387718,0.26739226679163425,0.1481938219577656,0.371041014575981
0.255290687084198,-0.04935441538691521,-0.23404835164546967,0.4806366562843323,-0.5286511182785034,-0.4317101538181305,0.7334027886390686,0.6021106839179993,0.24076852202415466,-0.8072122931480408,-0.43373480439186096,-0.09697693586349487,-0.34246450662612915,-1.2236168257216782,-0.6509099899758535,1.7368631508059122,1.7949561122148632,1.043383873368117,0.14465681458995108,0.28269291712793276
0.2622693181037903,-0.0759817585349083,-0.43762877583503723,0.2973420321941376,-0.36515191197395325,-0.32015594840049744,0.1428896188735962,0.12456879019737244,0.3200903832912445,-0.5626193881034851,-0.9351907968521118,-0.7013060450553894,-0.7982731461524963,0.1390035745499642,-0.16407495233836739,0.3605433770435586,0.45200767155630966,0.19434397349271015,-0.3663014044235494,0.248188840274447
0.2926662266254425,0.13302524387836456,-0.4305284023284912,0.14116545021533966,-0.6301501989364624,-0.6521313190460205,-0.4325965642929077,-0.45103919506073,-0.5884877443313599,-0.581567645072937,-0.27823519706726074,-0.22249548137187958,-0.5784325003623962,-1.7260255891412108,0.3145371410398275,-0.5338028827688975,-0.25831425864812446,0.5633417200084005,0.4659987128376561,0.06478763177992143
0.34230098128318787,0.021770676597952843,-0.6061466932296753,0.23411856591701508,-0.38780009746551514,-0.19620396196842194,0.13190209865570068,-0.5943330526351929,-0.13110031187534332,-0.2432989925146103,0.24852998554706573,0.22360096871852875,-0.3954976797103882,-0.9480464311904178,0.21924729764474696,0.6648679450854018,0.36519467817436374,0.546118256592399,0.6592547794046564,0.7236802233935941
0.3774220943450928,0.0813911184668541,-0.4575701653957367,0.48841196298599243,-0.22294411063194275,0.10621000826358795,0.1573626697063446,-0.7949854731559753,0.4552747905254364,0.3022092282772064,0.051311835646629333,-0.6507170796394348,-0.6323497891426086,1.1522935767753486,-0.06336126176005911,1.1864667872849206,1.584225166039707,0.9449499953227521,0.6888048164277772,0.4655455443654384
0.3482144773006439,-0.02605588734149933,-0.4589354991912842,0.5552021861076355,-0.3318774402141571,-0.3473929762840271,-1.0605474710464478,-1.1556715965270996,0.5436899065971375,0.41012895107269287,-0.2874983847141266,-0.6908072829246521,-0.7536791563034058,-0.5099819611786707,0.693832116399669,0.27731914488618614,1.1039068962057899,0.15213351803339012,0.40465185796842923,0.29426285984764344
0.31699058413505554,-0.09749162197113037,-0.507754921913147,0.3750257194042206,-0.45664212107658386,-0.4392499029636383,-1.5541144609451294,-1.3315032720565796,0.4677988290786743,0.6230138540267944,0.4195173978805542,-0.903866171836853,-0.8174868226051331,-1.0181254807381357,0.8610283257037991,0.3820160387721107,1.130694728325701,0.23144724100997766,0.6971284915679617,0.6692614329800177
0.30775022506713867,-0.21586167812347412,-0.5558472871780396,0.47259965538978577,-0.12339910119771957,-0.087056964635849,-1.348949670791626,-1.2554852962493896,0.1376320719718933,0.04889506846666336,0.10045842826366425,-0.2904954254627228,-0.191081702709198,-1.194833258945832,0.09140152965994135,-0.07662827210895977,0.24744475987171752,0.32752452793883374,0.21846514307452677,0.4397741354382295
0.2890518009662628,-0.2899819612503052,-0.5509693026542664,0.4684142470359802,-0.14520399272441864,-0.03635773807764053,-0.6446497440338135,-0.6925705671310425,0.3935602009296417,0.1792018711566925,0.6546960473060608,-0.277516633272171,-0.3304315507411957,-1.0664683127252308,0.9272510881577597,0.38804356410644464,0.2811238853477291,0.6129351990844243,0.1345981116223077,0.4474093122810408
0.34385257959365845,-0.036173880100250244,-0.5905611515045166,0.30701637268066406,-0.20679865777492523,-0.1620922088623047,-0.7029438614845276,-0.6299715042114258,-0.23440372943878174,-0.3605706989765167,-0.12419290840625763,-0.10989892482757568,0.021642526611685753,-0.9789561321203157,0.4229810952265571,0.21782292537969047,0.36312189134605666,0.06097825713429018,0.4544120518193433,0.18555637436875574
0.3833889663219452,0.19029684364795685,-0.4419540464878082,0.4668567478656769,-0.08026778697967529,-0.12377090007066727,-0.811517059803009,-0.5880758762359619,0.19657957553863525,0.006225768476724625,0.4284895956516266,-0.3428259789943695,-0.27900582551956177,-0.06703389478067433,1.7851002000664598,-0.1414398246034758,-0.02341774450433507,-0.13682727373159845,0.7802250359238645,0.23699942672127772
0.3880491256713867,0.23293180763721466,-0.3783144950866699,0.5124572515487671,-0.1070152074098587,-0.004292767494916916,-0.13150785863399506,-0.24665087461471558,0.7639222145080566,0.09761105477809906,0.1829991489648819,-0.7234896421432495,-0.6922624111175537,0.07166982151166469,-0.6980872212099819,0.1944023701208349,-0.18596877698653844,0.6373186158524077,1.0227643211010384,0.35807912642727896
0.3203154504299164,0.1123642846941948,-0.4242996573448181,0.32201093435287476,-0.323253870010376,-0.3366008996963501,-0.7282897233963013,-0.6048620343208313,0.31753072142601013,0.1614195853471756,-0.33205100893974304,-1.523438572883606,-0.9127712845802307,1.1876102547406384,-0.23187540928846165,0.26260226632538086,0.11813253194209415,0.1861658754161934,0.4591407014811393,0.12523919217978502
0.2958262264728546,0.1538381427526474,-0.4901255667209625,0.15236647427082062,-0.40851226449012756,-0.6153936386108398,-0.5922432541847229,-0.13195106387138367,0.3290146291255951,0.024414705112576485,-0.4156177043914795,-1.6788530349731445,-0.7060304880142212,-0.08692681909944563,0.21589333575927863,0.11247125916680914,0.8955491261686862,-0.09502573899341014,-0.3361427751090717,0.45051265911328187
0.21579989790916443,0.11500707268714905,-0.4261474609375,0.07961700111627579,-0.49231329560279846,-0.6067878007888794,0.3430476486682892,0.05970960482954979,0.3183176815509796,-0.38731902837753296,-0.3935329020023346,0.33892595767974854,-0.28604650497436523,-0.2946660986396425,0.17937392886119255,-0.09957662572488936,0.7856601792117529,0.11874493623509005,0.568785859114618,0.016505443769707986
0.25913795828819275,0.21343664824962616,-0.2867346704006195,0.318771630525589,-0.4115462601184845,-0.4040640890598297,0.8745386004447937,0.2445835918188095,0.5781159400939941,-0.4359719753265381,0.17413601279258728,1.2844839096069336,-0.20219013094902039,-0.827288262029277,0.36009958934513164,0.39383234562646985,0.28819281824364884,0.09561016464007492,0.24564382602637166,0.40230433903447427
0.22219212353229523,0.06677068024873734,-0.09457037597894669,0.5803804397583008,-0.38573476672172546,-0.4631805121898651,0.7710801959037781,0.6246302127838135,0.4459492564201355,-0.7128622531890869,-0.08007436990737915,0.3552190363407135,-0.6484936475753784,-0.5140867830806762,-0.5726229656535629,0.714200665021066,1.182610287726813,0.751090482672106,0.38213370009033126,0.2570150679665176
0.21515479683876038,-0.1432006061077118,-0.34719038009643555,0.307903528213501,-0.5076078772544861,-0.5297529697418213,0.053510330617427826,0.367321252822876,0.14831267297267914,-0.9435681104660034,-0.2190260887145996,0.2812744379043579,-0.6902347207069397,0.03636383332820627,-0.49809429562927127,0.8307314774958283,0.09757926927393837,0.23616098305261926,0.704523277789074,0.43729135713268164
0.26924553513526917,-0.07019288837909698,-0.39314544200897217,0.3416689336299896,-0.3608940541744232,-0.3652108609676361,-0.6982241868972778,-0.25503110885620117,-0.1591920107603073,-0.9704599380493164,-0.41867291927337646,0.07370965927839279,-0.2529338300228119,0.3931660691246859,0.24826929540414847,-0.35721783178521227,0.23305923864083422,0.1361199113899971,0.7782071825047387,0.07545124965287137
0.2947353720664978,-0.044031769037246704,-0.5211169123649597,0.1314670592546463,-0.540745198726654,-0.5011504888534546,-1.0515137910842896,-0.5458547472953796,-0.7241007089614868,-1.0274823904037476,-0.7406463623046875,-0.6979644894599915,-0.14783012866973877,0.541699945644552,0.0703274003250625,-0.6770436384077609,-0.08985048900193063,0.4901567703350658,0.12528020251044644,0.4989997536085778
0.3599168360233307,0.22950953245162964,-0.41807201504707336,0.18173784017562866,-0.5207363367080688,-0.3486706018447876,-0.8584927916526794,-0.69861900806427,-0.6220381259918213,-0.8045839071273804,-0.5494573712348938,-0.9301755428314209,-0.5465626120567322,-0.2451779376256263,-0.24897883650701352,0.7119987110605293,0.0023785217070853857,0.3305042656573999,-0.1183396184840191,0.5825510219160324
0.33991509675979614,0.23400311172008514,-0.32197532057762146,0.272174209356308,-0.5361298322677612,-0.29551807045936584,-0.2217305600643158,-0.6193859577178955,-0.4396987557411194,-0.5027987360954285,-0.6554028391838074,-0.6795431971549988,-0.3760107159614563,0.7734348788839266,0.21623805442421445,0.30449379824649975,0.5303729402005922,0.71055018380578,0.6193681131571348,0.2993867060475464
0.3458096981048584,0.24390026926994324,-0.3624352812767029,0.24716240167617798,-0.45841535925865173,-0.26381489634513855,-0.34957364201545715,-0.47969377040863037,0.1760241836309433,-0.19550935924053192,-0.7036303281784058,-0.9342297315597534,-0.49973973631858826,-0.7783708929878727,0.3772197673297635,0.01657859698334189,-0.19138667430829362,0.3361920464239011,-0.2651079957053451,0.14965342506071302
0.2990783452987671,-0.17670640349388123,-0.5686669945716858,0.22569286823272705,-0.40786078572273254,-0.2528825104236603,-1.4629963636398315,-1.163727045059204,-0.24260979890823364,-0.3144727945327759,-0.15569178760051727,-0.44439777731895447,-0.36860769987106323,-0.5538758333688584,0.725611225499889,-0.19154689356474636,0.9771120843694916,0.5090246673087159,0.6458738068414042,0.19801575129056415
0.26105043292045593,-0.35598281025886536,-0.6337631940841675,0.2873764932155609,-0.1784677505493164,0.009315809234976768,-0.9647982716560364,-1.1282706260681152,-0.21660467982292175,-0.22846978902816772,-0.318728506565094,-0.7032824158668518,-0.3942907154560089,-1.1620370741346437,1.8302051004091886,-0.0966968372358599,0.3483076450448501,0.7236143458842171,0.19638326338665102,0.5400044389143442
0.2554924488067627,-0.06871069222688675,-0.47637853026390076,0.2270267754793167,-0.18340688943862915,-0.17278429865837097,-1.0148214101791382,-1.1275981664657593,-0.7376211881637573,0.25276532769203186,0.7628636360168457,-1.575665831565857,-0.7375981211662292,-0.7858751346193171,0.4717079915554382,-0.01095083580107883,0.4368380892455061,0.6669035955764286,0.32042556723602905,0.13685123690084441
0.3045039176940918,0.2124185860157013,-0.30453750491142273,0.4509895443916321,0.1205025315284729,-0.09555397182703018,-1.2970815896987915,-1.0940288305282593,-1.0649795532226562,0.002477991161867976,0.7572799324989319,-1.4331343173980713,-0.19767777621746063,0.7848520499109866,1.3075269436112518,0.07973217169280201,-0.00550481585853606,0.6799977524178548,-0.4170279417739751,0.2865401195048973
0.3034974932670593,0.10595935583114624,-0.35145553946495056,0.5397114157676697,0.09731125831604004,0.04001312330365181,-0.3063559830188751,-0.7504411339759827,0.2268514633178711,0.5426939725875854,0.32712608575820923,-1.173232078552246,-0.6235707402229309,-1.0811518138477108,-0.31562410542376435,0.9516319235913497,0.8319462109963983,0.3599770782486815,0.4369784108479725,0.14793668094861093
0.3179902136325836,0.23592491447925568,-0.33721742033958435,0.5102447867393494,-0.08507606387138367,-0.1575208455324173,0.5611074566841125,-0.1957615166902542,0.6941249370574951,0.3182353377342224,-0.4560137391090393,-0.5623175501823425,-0.6058382391929626,-0.14140678656938235,-0.22974676011891682,1.0457990071078804,0.6968137135574807,0.04202154700302195,0.8688979311607737,0.22375911898440562
0.3125374913215637,0.23384596407413483,-0.16927650570869446,0.5456334948539734,-0.3271060585975647,-0.11724859476089478,0.8651624321937561,-0.06562568992376328,0.312856525182724,-0.17094291746616364,-0.15715643763542175,-0.026182660833001137,-0.3288837969303131,0.40675723518545626,-0.4852937470433815,0.2075899147924603,-0.27129914944860606,0.7182267972734222,0.5520140441464587,0.28500371818728376
0.36077290773391724,0.32831501960754395,-0.29703623056411743,0.2624953091144562,-0.5744280219078064,-0.33138689398765564,0.2750415503978729,-0.06297149509191513,-0.4270874559879303,-0.9133002161979675,-0.5104973316192627,0.24954263865947723,0.16101717948913574,-0.4502171826174572,-0.043044636078639474,-0.3457947595464724,-0.6731153287674752,0.7180836620795954,0.015926761920693738,0.7015914586879062
0.29084154963493347,0.19812078773975372,-0.22416485846042633,0.20880334079265594,-0.5810443162918091,-0.2939474284648895,0.01464039832353592,-0.024581406265497208,-0.3811034858226776,-0.9701603055000305,-0.3719845712184906,-0.02371247671544552,-0.13941900432109833,-1.086300719720984,-0.15372318536791524,1.3243406783481664,-0.027088659201548168,0.8068621243814171,0.9711415829253114,0.44501899653104826
0.27457407116889954,0.02659108117222786,-0.4159317910671234,0.11721225082874298,-0.4757317900657654,-0.20932921767234802,0.3127688765525818,0.20464877784252167,-0.15262475609779358,-0.8390257954597473,-0.36294469237327576,-0.5664793252944946,-0.626928985118866,-1.371713419175482,0.0003710683343623814,0.47011376277307504,0.4908858375101167,0.8373285237369529,-0.736294834275192,0.37481179798083736
0.2098631113767624,-0.05899835377931595,-0.4116823077201843,0.1436767876148224,-0.250379353761673,-0.17183202505111694,0.2827328145503998,0.05114629864692688,-0.3628579378128052,-0.5547558069229126,0.013937728479504585,-0.8462903499603271,-1.0542199611663818,-1.4430007375680183,-0.13641484894409608,0.4263706760103563,0.8461207274745035,0.8975314626154356,0.34964790560133135,0.14920833022743532
0.23719899356365204,0.039487604051828384,-0.49145203828811646,0.1273474097251892,-0.23187674582004547,-0.4121713936328888,-0.028480852022767067,-0.2132718861103058,-0.9747694730758667,-0.5612431168556213,0.025802865624427795,-0.3997633159160614,-0.30294084548950195,-1.3429836041257528,0.4100259973077979,-0.23204821103404896,0.6174474855598749,0.309859320357885,-0.06236784364663518,0.1397545709360594
0.2250470221042633,-0.10928341746330261,-0.4634811282157898,0.045620258897542953,-0.4792725145816803,-0.24278144538402557,0.03420935943722725,-0.20350800454616547,-0.3377859592437744,-0.3333294093608856,0.4195158779621124,-0.20480391383171082,-0.371236115694046,-0.4307310395417699,0.7682963162955331,0.3310169304212189,-0.30423682132396335,1.0819843447004882,0.6050702695846336,0.4254719461443978
0.2702830135822296,0.07399214059114456,-0.3308471441268921,0.17709389328956604,-0.4723324179649353,-0.1560697853565216,0.7189807295799255,0.4015599489212036,0.2888941764831543,-0.4633682072162628,-0.11794935911893845,-0.45212605595588684,-0.4739268124103546,-1.240282587581403,-0.24787663911255162,1.3529466729691908,-0.37568050561139654,0.6553797606402167,-0.5159915663012938,0.3701206319334298
0.246266171336174,0.13108360767364502,-0.05629582330584526,0.42618638277053833,-0.5202240943908691,-0.25850391387939453,0.9390135407447815,0.6730768084526062,0.30925285816192627,-0.601098895072937,-0.27157047390937805,-0.4561878740787506,-0.3002949655056,-0.971471417215745,-0.23396966640131187,0.4765467763658783,0.2498280676886563,0.11501409921161411,0.5265379270766585,0.25645741302855785
0.26137879490852356,0.133003830909729,-0.18644413352012634,0.3070072829723358,-0.428230345249176,-0.41406214237213135,-0.1278304159641266,0.44963163137435913,-0.3027476668357849,-0.7267125248908997,0.4709092974662781,-0.5528590679168701,-0.11921189725399017,-0.7270363122925647,0.25740946289866157,1.183741410519347,-0.41005373602220885,0.24272212758013093,0.044057049393228555,0.26564248486819175
0.22622177004814148,-0.10548995435237885,-0.3975777328014374,0.11085612326860428,-0.5315175652503967,-0.5227131247520447,-0.9470074772834778,-0.2710781693458557,-0.7027085423469543,-0.5833683013916016,0.2743456959724426,-1.1745128631591797,-0.7992578148841858,0.029299367321777476,0.22669301029908595,0.37594442479771706,1.280450917597829,0.8171717177898923,0.33886396598821855,0.29431220904482114
0.21034377813339233,-0.18132580816745758,-0.36765143275260925,0.3278164565563202,-0.18735119700431824,-0.1918400079011917,-0.8403436541557312,-0.5805685520172119,-0.5863519310951233,-0.6070483922958374,0.32007989287376404,-0.2967040240764618,-0.5596354007720947,-0.6992454851786134,-0.3531940271362052,-0.061235667637566604,0.01786349292070618,-0.1320631681876491,-0.2803351245880367,0.5855590519045913
0.271071195602417,-0.03136235103011131,-0.25515398383140564,0.6034713983535767,-0.16446693241596222,-0.20924414694309235,-0.8445743918418884,-0.9767128825187683,-0.6343772411346436,-0.3714601993560791,0.33756303787231445,-0.2860299348831177,-0.571755588054657,0.45726252317982496,0.43329091020386046,0.02219878071714314,-0.024320478709702928,0.6829063265770894,0.11718685319619383,0.4467941691304697
0.30286934971809387,-0.07633781433105469,-0.3613724410533905,0.6157732009887695,-0.17597448825836182,-0.10924539715051651,-0.4785654544830322,-1.1991909742355347,-0.9099509119987488,-0.4661828875541687,-0.27651625871658325,-0.09883932769298553,-0.24642133712768555,-0.5550254319854191,-0.45783391735625645,-0.26938183508069313,0.9548247271691226,0.2258072953535333,0.08940966621772166,0.26552089312847854
0.24324685335159302,-0.3266051113605499,-0.38648781180381775,0.4764367341995239,-0.4579432010650635,-0.07059487700462341,-0.08580386638641357,-1.1294126510620117,-0.6582479476928711,-0.418602854013443,-0.8243016004562378,-0.558379590511322,-0.6366536021232605,-0.6335662278009142,0.239436050149733,0.9686252247818967,-0.07699519640116965,0.09146446159220106,0.30472138443397906,0.29878783795560837
0.24794535338878632,-0.3593606948852539,-0.4501034617424011,0.44462525844573975,-0.6538861393928528,-0.5300087332725525,-1.5619897842407227,-1.8585948944091797,-1.091573715209961,-0.5563833713531494,-1.1536402702331543,-0.8650933504104614,-0.8163992762565613,-1.357998239654421,1.0483358242908716,-0.3619036429514644,0.7936794325273532,0.4488410314425651,-0.13578902953490918,0.38738743652645324
0.26849275827407837,-0.10844390839338303,-0.2782657742500305,0.6344846487045288,-0.29041963815689087,-0.22102218866348267,-0.8756232261657715,-1.276671290397644,0.3686678409576416,0.438854455947876,-0.05925612151622772,-0.8489165902137756,-0.791185200214386,-1.0267854086621981,0.3283947189759667,1.0973602585579194,0.8195227921696985,1.138815318589685,0.48902171079922235,0.5289950092419152
0.31113237142562866,0.07377912849187851,-0.4045419692993164,0.33004429936408997,-0.362867534160614,-0.20641936361789703,-0.4884280562400818,-0.7972990274429321,0.5112282633781433,0.3743845522403717,-0.13312362134456635,-0.8013347387313843,-0.48668813705444336,-1.3198154992046665,0.20040411036401265,0.7490928139987147,0.29621002391818263,0.5379534264548376,-0.2131460789933329,0.2649700812935652
0.29912200570106506,0.05864287167787552,-0.43550944328308105,0.26404058933258057,-0.3169330656528473,-0.2155054658651352,-0.3789692521095276,-0.5525531768798828,0.07722045481204987,-0.007984147407114506,0.03840154409408569,-0.3145504593849182,-0.08519768714904785,-0.5502073705452455,0.1473463794220031,0.6651083303098977,0.0566161355030219,0.5949897402995076,-0.12671015736130578,0.24332971112015822
0.299275279045105,0.05739300325512886,-0.4120931029319763,0.10251250863075256,-0.5559434294700623,-0.15468555688858032,0.2946178913116455,0.16509640216827393,0.5566914081573486,-0.13452456891536713,0.28758808970451355,-0.6312381029129028,-0.49973514676094055,-0.9397842390979742,0.7199250124979889,0.7906217131558307,-0.041195186537748806,-0.07727596648313671,-0.5524092114939242,0.1626121408515313
0.24960221350193024,-0.008407876826822758,-0.2879956066608429,0.11394846439361572,-0.7726600170135498,-0.4603872001171112,-0.3840896487236023,0.11225106567144394,0.5690288543701172,-0.4649887681007385,-0.1754230260848999,-0.5966793894767761,-0.7328271865844727,-0.5998038771653144,0.5083927390524612,0.3237004118406104,0.5430562526545192,0.21748276615758436,-0.28540231242965963,0.20095272906996192
0.26663801074028015,0.2030075043439865,-0.2680685818195343,0.24369950592517853,-0.43319618701934814,-0.4122161567211151,0.2898731529712677,0.35600605607032776,0.2990413308143616,-0.8030708432197571,-1.0592609643936157,-0.07496984302997589,-0.35144925117492676,-0.518703171929542,0.4767418731119609,0.2512689451514263,0.342594599840479,0.044212763545447814,0.1495208339894067,0.23645693399058437
0.26120758056640625,0.2721298933029175,-0.3093917965888977,0.2595653533935547,-0.21667039394378662,-0.37664201855659485,0.7805296182632446,0.42966553568840027,-0.23060302436351776,-0.8136265277862549,-1.0594913959503174,-0.06882486492395401,-0.2450113743543625,0.5526660763647441,-0.5943993212871059,0.49643060138154405,-0.40063115182185677,0.1499396699216818,0.06544151218336547,0.22683037855002644
0.18798770010471344,-0.11671685427427292,-0.42057710886001587,0.02824634686112404,-0.6799671649932861,-0.6444435119628906,0.20479628443717957,0.2388179451227188,-0.23991432785987854,-0.6612371206283569,-0.7863391041755676,-0.7057056427001953,-0.7199326753616333,-1.3411617199469819,0.24610632253488543,0.7971427650687417,-0.08137310105578326,0.24329826990491482,-0.46315865260941935,0.16349475833134125
0.1867668777704239,-0.10368667542934418,-0.40637898445129395,0.010270110331475735,-0.7772947549819946,-0.6345937848091125,0.6624852418899536,0.18915358185768127,-0.7114636898040771,-0.9395476579666138,-0.7054705619812012,0.044344644993543625,-0.5082528591156006,-1.7387094853500102,0.8087619022039535,0.044806849897682535,0.27161230570822037,0.580569132735201,-0.19471074102751065,0.009570494299687562
0.2224501520395279,0.07811034470796585,-0.37421199679374695,0.25076544284820557,-0.34528279304504395,-0.3785722553730011,1.4433331489562988,0.20197038352489471,-1.068928599357605,-1.0505763292312622,-0.43200793862342834,1.1258716583251953,-0.08764056116342545,-0.6616027584753206,0.5841151860124563,-0.1619342834182027,0.381321891424879,0.20187857670023965,0.6375241214796212,0.5331277427169172
0.268468976020813,0.16506659984588623,-0.31862586736679077,0.3263133466243744,-0.39007246494293213,-0.5203705430030823,0.6478846669197083,0.43371152877807617,-0.07423445582389832,-0.8488984107971191,-0.9015998244285583,0.37368690967559814,-0.09636949747800827,-0.7178654115020604,-0.7189377256141675,0.5938316787009724,-0.41540091404671153,0.41678078952247183,0.3083807544713289,0.21259666310581926
0.23449106514453888,-0.06795627623796463,-0.2752217948436737,0.3173542618751526,-0.6154146790504456,-0.6055930256843567,-0.45228311419487,-0.03472728282213211,-0.2502882480621338,-0.9905997514724731,-0.743472158908844,0.24152769148349762,-0.10208377242088318,-1.1395297742572443,1.4557065905491542,-0.2359223089750795,-0.16136528421514,0.21176182257382878,0.07458428472331916,0.34299565414870004
0.1974555104970932,-0.4195627272129059,-0.4371313452720642,0.35493093729019165,-0.5665878057479858,-0.5545684695243835,-0.9626360535621643,-0.7940190434455872,-1.1491748094558716,-1.1072665452957153,-0.9393428564071655,-0.10525128245353699,-0.12184353917837143,-0.1338361368081535,-0.09391286421091498,0.04821708953890575,0.651257581291109,-0.23453348697614068,-0.6952880335389068,0.5276927673793459
0.21647118031978607,-0.18578962981700897,-0.2516973316669464,0.5417097806930542,-0.3888716399669647,-0.41545796394348145,-0.6908770799636841,-1.004744052886963,-0.9485268592834473,-0.3992370069026947,-0.03079814463853836,-0.028560444712638855,-0.12536433339118958,-0.2171180754483148,-0.17043071467279802,0.09831990869418393,0.5189413038432922,0.6437538399570086,0.3729174916075191,0.24023758752768476
0.3005921542644501,0.12669967114925385,-0.28815731406211853,0.5569021105766296,-0.1533689796924591,-0.23605696856975555,-0.6079736948013306,-1.1009937524795532,-0.46871691942214966,-0.12439580261707306,-0.5459587574005127,-0.29842931032180786,-0.1697668433189392,-1.3710936032753402,-0.45300728423601877,0.28543394568731995,-0.2512758930169648,0.3065401515109925,0.004524579627585043,0.20768524097777766
0.2477785050868988,-0.014796621166169643,-0.4370805621147156,0.2932518422603607,-0.16095030307769775,-0.10966933518648148,-0.5182980298995972,-1.1907918453216553,-0.06699495762586594,0.38133665919303894,-0.0326572060585022,-0.5850392580032349,-0.5982156991958618,-1.8624104392459986,0.7873282820138292,0.3659467141075967,0.23544855250111982,0.11407338645655273,0.5099166283383766,0.29912961991240317
0.1835341453552246,-0.33692777156829834,-0.6739059090614319,0.16146978735923767,-0.21800626814365387,-0.2902250289916992,-0.7494615316390991,-1.2911001443862915,0.29574063420295715,0.5358060598373413,-0.5242948532104492,-1.1195696592330933,-1.1690102815628052,-0.9101101616415661,-0.1250461947865491,0.5004212367424026,1.1032565848410307,-0.2670321745104862,-0.44122712435838873,0.16241485456130436
0.17557477951049805,-0.3602242171764374,-0.5663930773735046,0.36516496539115906,-0.10572696477174759,-0.1519157439470291,-0.5364232659339905,-1.5631808042526245,-0.3126036524772644,0.39066562056541443,-0.17386214435100555,-1.0453665256500244,-1.1349105834960938,0.5304858533100069,1.070570392232398,0.3579771866160263,0.6207721258265154,0.3676273568962503,0.7302620113169925,0.3206656030870618
0.2749577462673187,-0.06390698999166489,-0.47608014941215515,0.3532264530658722,-0.3081362545490265,-0.35627442598342896,-1.3341093063354492,-1.602272391319275,-0.7329586148262024,-0.3178974390029907,-0.6845672130584717,-0.5851479172706604,-0.6689046621322632,-0.7276650927501886,0.1592393278884303,0.6864668913925946,-0.3423617483747761,-0.1133320706625705,1.134585916574504,0.20265098423458036
0.2971658706665039,-0.01257671881467104,-0.4680013358592987,0.29978033900260925,-0.41259342432022095,-0.4256976842880249,-1.1370787620544434,-1.1407599449157715,-0.5255507826805115,-0.2309959977865219,-0.20709069073200226,-0.6662652492523193,-0.6183189749717712,-0.33753368788943483,0.21614373302862253,-0.408192691471786,0.09858107520100252,0.45070241396955085,0.40953618194532115,0.2843783629632622
0.3017120659351349,0.0008366675465367734,-0.3840426504611969,0.4249744713306427,-0.29373079538345337,-0.28135767579078674,-0.7125915288925171,-0.7593587040901184,-0.6524572968482971,-0.6146020889282227,-0.23431475460529327,-0.3216235935688019,-0.2512923777103424,0.8856427558804193,-0.4884591392758357,-0.3389010473844187,0.04622743659875035,0.24075478742784595,-0.28872163940799317,0.23227564403107148
0.23749825358390808,-0.07438835501670837,-0.2213733196258545,0.4118358790874481,-0.5101937651634216,-0.2184150367975235,0.4434816837310791,-0.26639997959136963,-0.5087703466415405,-0.5652821660041809,-0.08009395003318787,-0.34180882573127747,-0.6351563930511475,-1.1368642540990068,-0.335639756770697,1.3066398746754395,0.09769464388318565,0.7493710960807307,0.5701877646357455,0.20840370244211612
0.24416792392730713,-0.12011144310235977,-0.3877412676811218,0.14413443207740784,-0.6846590042114258,-0.2158598005771637,0.991229236125946,0.1718166172504425,-0.4946669936180115,-0.9295545220375061,-0.17235730588436127,0.2507813274860382,-0.46770089864730835,-0.6909027712676025,0.1130995501237899,0.7804768504322007,-0.6930157042874016,0.13417917103374943,0.00473235268134813,0.35792426789272286
0.20484933257102966,-0.16908501088619232,-0.2648289203643799,0.31096774339675903,-0.6607257127761841,-0.27620550990104675,1.4200776815414429,0.6400710344314575,0.34647414088249207,-0.6826483011245728,-0.12745621800422668,0.24088013172149658,-0.8392775058746338,0.3680149671901126,-0.8515362997424086,0.8808442140009399,-0.1471857024357737,0.5952813361493664,0.9116135753263984,0.4737392763214073
0.2119370996952057,-0.013987390324473381,-0.24997985363006592,0.34722501039505005,-0.6848652362823486,-0.6040624380111694,1.1632188558578491,0.3976655900478363,-0.008518780581653118,-1.0251704454421997,-1.0348232984542847,0.9183464050292969,-0.5632342100143433,-0.2871939598998767,-0.2326292679292406,-0.041438899447937105,0.10530578707083241,0.11075379448187839,-0.599708690089794,0.453303462056877
0.20767706632614136,-0.020648138597607613,-0.19227346777915955,0.3690256178379059,-0.6906647086143494,-0.5485758781433105,1.007631778717041,0.19513311982154846,-0.5439023971557617,-1.3632577657699585,-1.9636988639831543,0.33901533484458923,-0.1445784717798233,-0.015358759434306864,-0.45257115659086483,-0.38989226974576324,-0.12317270649097749,1.2590036216394718,0.21424707458076964,0.30267046477594567
0.21555058658123016,0.03937065601348877,-0.2479669749736786,0.09966417402029037,-0.9099980592727661,-0.79271000623703,0.32706838846206665,0.43332555890083313,-0.31778737902641296,-1.0795767307281494,-1.10481858253479,-0.1676129251718521,-0.10571616142988205,-1.4353225118736392,-0.09083536602621134,-0.029224307223219257,0.5448790097559927,1.0706972583874979,0.17802182478238668,0.522320348301637
0.15189166367053986,0.12974968552589417,-0.25633782148361206,-0.131271094083786,-0.6657551527023315,-0.933353841304779,-0.4197574853897095,0.5751022696495056,-1.195946455001831,-1.1399738788604736,-0.13919389247894287,-0.9653711915016174,-0.040922392159700394,-0.3849324854434423,0.8568688549389563,-0.2878480475920024,-0.18454159635754938,-0.06144377525486198,0.5897767968065769,0.3957760673903813
0.12390728294849396,-0.17115247249603271,-0.40326741337776184,-0.013670841231942177,-0.5218769311904907,-0.8211257457733154,-1.0824601650238037,-0.3512972295284271,-1.518053650856018,-1.3189157247543335,-0.48586753010749817,-0.09355132281780243,-0.05368972197175026,-0.855841777906245,0.6093564757361332,-0.42562156287684594,0.2137694767239004,0.013156036497826944,-0.08908442321619378,0.43838560229764856
0.1835375428199768,-0.1147543340921402,-0.25745126605033875,0.39348137378692627,-0.3313382565975189,-0.5520314574241638,-0.8606724739074707,-0.5261342525482178,-0.7202382683753967,-0.7087478637695312,-0.09650097787380219,0.21191199123859406,-0.10792021453380585,-0.684063762807799,1.4570435985943448,-0.14000923201816481,0.25953042664919534,0.3809808276761003,0.5981432462526655,0.3158344015450971
0.22453725337982178,-0.27444005012512207,-0.38331329822540283,0.4023479223251343,-0.38578423857688904,-0.33603087067604065,-0.8277879357337952,-0.6624711751937866,-0.5875299572944641,-0.7980547547340393,-0.4285406470298767,-0.24461466073989868,-0.3757089674472809,0.8429477391810778,-0.5584255887485635,-0.3338984268559835,0.09660132257304815,0.2628990687450779,-0.3124391527820012,0.34733693252502085
0.19809478521347046,-0.3394933044910431,-0.4086155593395233,0.1870766580104828,-0.6437633633613586,-0.2799966633319855,-0.4074994623661041,-0.5634298324584961,-0.20168143510818481,-0.6335922479629517,-0.8667269349098206,-0.38962429761886597,-0.2881857752799988,-1.5298418202623343,0.6585884596100336,0.5251916478439953,0.8115756282264804,0.4139127460620298,0.01736977779460523,0.3934066507580992
0.1899486780166626,-0.2830502390861511,-0.39563989639282227,0.33306726813316345,-0.37030985951423645,-0.28466081619262695,-0.5678485631942749,-0.7542162537574768,0.028391428291797638,-0.23016618192195892,-0.7048390507698059,-0.5794146060943604,-0.688998818397522,-0.08172280925774028,0.9642459122930573,-0.016347057711004816,1.517314659015388,0.5355046318933935,0.5481859196557445,0.3552693476102658
0.19605910778045654,-0.08001329004764557,-0.07643608748912811,0.650784969329834,-0.13569211959838867,-0.1335822492837906,-0.7364287376403809,-0.7578001022338867,0.32475000619888306,0.12203139811754227,0.26039308309555054,-0.3469052314758301,-0.5517000555992126,-0.488755698074586,0.11433778375676114,0.1311386729022475,0.9450570413680466,-0.1156442050629643,0.602931121053679,0.08727484234817223
0.24324248731136322,0.0007808045484125614,-0.13675960898399353,0.4620395302772522,-0.36339491605758667,-0.13103723526000977,-0.34784460067749023,-0.38284653425216675,0.04386727139353752,-0.3138386309146881,0.36787956953048706,-0.1198607012629509,-0.1286899298429489,1.9869886904635994,1.054128492412335,-0.03092973327906847,-0.2382239514610342,1.1031137132227948,0.20626873536471987,0.28877823149156323
0.23583653569221497,-0.1948702335357666,-0.41015902161598206,0.16189885139465332,-0.5418643951416016,-0.21154585480690002,-0.7048068046569824,-0.7438516616821289,-0.31038811802864075,-0.0982876792550087,0.6607194542884827,-0.6316145062446594,-0.43495839834213257,-1.1457798809683277,0.35605555872134775,-0.10747794910025668,0.3055797605190697,0.5895098855100889,0.28279993886919125,0.5417148848412875
0.2199959009885788,-0.18682439625263214,-0.3155219256877899,0.3181910812854767,-0.31660589575767517,0.005542890168726444,-0.08240704983472824,-0.24064846336841583,0.7630274891853333,0.6456028819084167,1.3291850090026855,-1.0631314516067505,-0.8198181390762329,0.38671081325114137,0.32059500052507856,2.2807746891122536,0.32296114836472356,-0.04236653633819655,0.19240788573069043,0.15655764841619665
0.24226029217243195,-0.04970629885792732,-0.36584094166755676,0.17322641611099243,-0.41605091094970703,-0.23556150496006012,-0.775903046131134,-0.5769639611244202,0.18113645911216736,0.08868478238582611,-0.24814018607139587,-1.4234323501586914,-0.5631377696990967,0.18139562644221582,0.4993719161382256,0.9356416078817781,0.24124564078535538,0.7613588440925377,0.4780485832170361,0.3784527262640794
0.20241641998291016,-0.172445148229599,-0.5609130859375,-0.11821775883436203,-0.5235661864280701,-0.26044851541519165,-0.5385831594467163,-0.6816034913063049,-0.26709115505218506,-0.3785283863544464,-1.1304941177368164,-1.2124654054641724,-0.7583949565887451,0.875746715586579,-0.36078482244434457,0.5955993129383766,-0.26628685995522927,1.1915662306870831,0.18141587525558983,0.11841121013578107
0.19760151207447052,-0.09328362345695496,-0.5176961421966553,0.0766938328742981,-0.4279979169368744,-0.4439524710178375,0.27378612756729126,-0.16443577408790588,0.016573956236243248,-0.624704122543335,-1.5531160831451416,-0.7171257734298706,-0.9797337651252747,-0.8193039024737395,-0.017308854156074634,1.0542903650629742,1.722970179723335,0.8185738361761232,0.28388546075935395,0.4299449693131456
0.1640480011701584,0.09650441259145737,-0.26480501890182495,0.12635594606399536,-0.6594783067703247,-0.9233185052871704,0.029447520151734352,0.05821901187300682,-0.2342124879360199,-0.6476678848266602,-1.0108815431594849,-0.4677632451057434,-0.8124605417251587,-0.08337018840338542,3.129372043681568,-0.44887807808221253,0.06907729004755662,0.12264247133774847,0.09002898571491419,0.23740584301832612
0.23226913809776306,0.6697998046875,0.035228192806243896,0.10693921148777008,-0.4996873140335083,-0.9479036331176758,-0.6355372667312622,0.4245136082172394,-0.5300168395042419,-0.5030946731567383,0.42456236481666565,-0.7770649194717407,-0.5056157112121582,1.41966322071781,0.019504147395620185,-0.41845803220895067,0.4345030039048668,-0.2338094959759558,0.12994668219182287,0.23735788840971525
0.2113419622182846,0.7621340155601501,0.0758046805858612,0.22645936906337738,-0.011944781988859177,-0.7790759801864624,-0.42824381589889526,0.5927290320396423,-0.9177297949790955,-0.5507630705833435,0.35055357217788696,-0.2714613974094391,-0.036596499383449554,0.700574553244293,0.3917390037592609,-0.3176960130613724,0.3541313505018074,0.40391816551764637,0.10631677563865824,0.35746580502371
0.17899182438850403,0.21314428746700287,-0.27757397294044495,0.12663805484771729,-0.2684079706668854,-0.8266847729682922,-0.5227130055427551,-0.050377607345581055,-1.3236733675003052,-1.030050277709961,-1.427074670791626,0.04652892053127289,0.18297868967056274,-0.15351902308257068,1.6914624597429695,0.3465556353805975,0.279795421065918,0.41819100776142787,-0.08712295936870984,0.030009241007433317
0.17911937832832336,-0.1886715292930603,-0.4730570912361145,0.042848579585552216,-0.7125161290168762,-0.8933737874031067,-1.0272014141082764,-0.4808316230773926,-0.8566555976867676,-1.3181428909301758,-2.1366183757781982,-0.06643912941217422,-0.038191553205251694,-0.006308010552190384,0.17524784599563512,0.9662035731253444,0.8605229416700846,0.3637595936135816,0.3027614315450128,0.2504714587812655
0.17069099843502045,-0.1552685797214508,-0.3669782876968384,0.259213387966156,-0.6546509265899658,-0.9170746207237244,-0.6804975271224976,-0.3659621775150299,0.05997172370553017,-0.7477847337722778,-1.4478192329406738,0.09308790415525436,-0.4956871271133423,-2.0324687689119583,1.2511939376213816,1.5692758376262776,1.2865473235793956,0.17277943851280184,0.9397761310094757,0.2049114830396836
0.21029527485370636,0.1751052290201187,-0.24373094737529755,0.318543940782547,-0.4858658015727997,-0.9245215654373169,-0.904428243637085,-0.6189139485359192,-0.6001760959625244,-0.9591175317764282,-1.6654391288757324,0.14684689044952393,0.026150749996304512,-1.2908484815987653,1.2182886212802777,-0.848731350018178,-0.2162499442423224,0.1284592319575351,0.7295986243646332,0.34054696616246
0.2276889830827713,0.22362147271633148,-0.40650632977485657,0.2554992139339447,-0.09097445011138916,-0.6122097969055176,-0.2692834734916687,-0.2859193980693817,-0.361074835062027,-0.5928898453712463,-1.185982584953308,-0.11804980784654617,-0.11726274341344833,-1.068106064935437,-0.0915873664640751,0.7597997137606569,0.8343977559857765,0.6322971868763639,-0.3232209935182049,0.18428098986989608
0.204974964261055,-0.0657723993062973,-0.4858589172363281,0.2886328399181366,-0.3008907437324524,-0.5741652250289917,0.026643237099051476,-0.5656494498252869,-0.2312520444393158,-0.28647124767303467,-0.7220396399497986,0.16222882270812988,-0.5778235197067261,-1.0587223785524242,0.3169714141870669,1.2370679438184493,-0.20541659992520575,0.7013785705612956,0.7496819355796945,0.2577238364482672
0.2749854028224945,-0.020697737112641335,-0.5353714823722839,0.14448094367980957,-0.5546615123748779,-0.3158806562423706,0.28268110752105713,-0.6259747743606567,0.2495683878660202,-0.15277212858200073,-0.7802167534828186,-0.3282260298728943,-0.9487089514732361,-0.759792251629523,0.2367941330335042,0.6806707456183002,0.29843984318552114,-0.21467263080731028,0.18358091475494154,0.37041114369478034
0.26850923895835876,-0.011245926842093468,-0.43007129430770874,0.28849542140960693,-0.256974995136261,0.008733893744647503,0.0004617625963874161,-0.9840040802955627,-0.12891098856925964,-0.10609636455774307,-0.5609909296035767,-0.6063071489334106,-0.6875025033950806,-1.2046467681839967,0.560690925707625,0.8814090763813636,-0.15086842735138978,0.3929668104691551,0.6224165823244339,0.02445622446722216
0.31564024090766907,0.10830873250961304,-0.4311005175113678,0.27032503485679626,-0.36644068360328674,-0.2716054320335388,-1.0826787948608398,-1.3195182085037231,-0.5842695236206055,-0.3017708361148834,-0.9077718257904053,-1.4079307317733765,-0.8227418661117554,-1.0568981058234883,0.5371087846605648,-0.2601214222528589,0.4773549038594982,0.04077829690312711,0.5419123168408698,0.35918442521443855
0.35081034898757935,0.46408718824386597,-0.16333307325839996,0.3151898980140686,-0.6273041367530823,-0.668052613735199,-2.0200929641723633,-1.7502858638763428,-0.8775683045387268,-0.04791530966758728,-0.5920603275299072,-1.6359386444091797,-1.0727131366729736,1.7678146256608098,0.08880265155320353,-0.8484206500374196,0.18962384009312552,0.6034273981703966,1.3789659854052356,0.20204164773235508
0.34332194924354553,0.4082335829734802,-0.31433361768722534,0.2744787037372589,-0.4334767460823059,-0.5740531086921692,-1.3372814655303955,-1.5197560787200928,-0.8893653750419617,0.41747280955314636,0.815049409866333,-0.5541420578956604,-0.8356203436851501,-0.0551300374019681,0.41510740974244725,0.30767484980116616,1.1262042755143982,-0.012606252751237284,0.2615758642018307,0.24979888330363956
0.2749975025653839,0.0038887716364115477,-0.40022772550582886,0.15331077575683594,-0.5132120847702026,-0.11774516850709915,-0.30870959162712097,-1.0873032808303833,-0.4577048718929291,0.3396051228046417,1.216696858406067,0.01478271372616291,-0.3400055468082428,-1.0530263055713058,0.9042302509148508,-0.14530030497173108,0.1963841033685143,0.48154786907020575,0.6974971836909646,0.11621468897000004
0.26117944717407227,-0.0137065090239048,-0.33678683638572693,0.27319470047950745,-0.22934292256832123,0.3250420093536377,1.064232587814331,-0.3851092755794525,-0.3345530033111572,-0.13501404225826263,0.26672619581222534,-0.2276960015296936,-0.6118547320365906,-0.26908870011621067,-0.15034379444891754,0.06533786200205428,-0.4343217614639435,-0.007512524828485424,0.12272431783485933,0.34918440630486286
0.24763736128807068,0.037513602524995804,-0.305862694978714,0.18273839354515076,-0.42902442812919617,-0.1680963933467865,0.15959055721759796,-0.04532425478100777,0.03297538310289383,-0.2650277316570282,0.09810269623994827,-0.29634615778923035,-0.39831486344337463,-1.0965036046957475,-0.17168299873934526,0.5819294918189438,0.4723410059038777,0.7865237387094599,0.7906983761690379,0.2652156175187767
0.24580103158950806,0.21565969288349152,-0.24189768731594086,0.12085068225860596,-0.41816359758377075,-0.5640680193901062,-0.6693278551101685,0.5106061697006226,0.3708285093307495,-0.4890668988227844,-0.3231326937675476,-0.9655253291130066,-0.10524081438779831,-1.7831065899678733,0.1634547201177331,-0.0899190976100752,0.45207975167664916,0.15822958162362716,-0.351906253125233,0.32705937611329255
0.2594445049762726,0.2982868254184723,-0.2433263063430786,0.0913182869553566,-0.44301217794418335,-0.588629961013794,-0.8336641192436218,0.14247392117977142,-0.059758447110652924,-0.6939279437065125,-0.5600836277008057,-0.5918336510658264,-0.3551477789878845,0.21584731843000354,-0.33881577318345696,-0.5846415200876686,-0.16200148902648018,0.33659325198938705,0.23013024928182058,0.014078697306322907
0.20775224268436432,0.1351715326309204,-0.2587667405605316,0.058085791766643524,-0.5977917313575745,-0.4813261926174164,0.22349072992801666,0.18270008265972137,0.11548341810703278,-0.6658503413200378,-0.7091591358184814,0.19493122398853302,-0.2686735689640045,1.1515351884792258,0.4607912972995659,0.41829290990532814,-0.07262187070658765,0.28605697337465436,0.06998594501261694,0.22621819221101647
0.1108827292919159,-0.18820060789585114,-0.34711194038391113,0.15728937089443207,-0.4528697729110718,-0.5539597868919373,0.29978200793266296,-0.0456857904791832,-0.1156628280878067,-0.8442005515098572,-1.138511061668396,0.5065985918045044,-0.2267199009656906,0.5470244197623574,1.0493815794682864,0.479064189509532,0.5071169733802096,0.019008353354932825,0.2342473863826805,0.25227611599924815
0.16978058218955994,-0.12833426892757416,-0.4908914864063263,0.10583163052797318,-0.35783520340919495,-0.4311031103134155,0.9368383288383484,0.6049525737762451,0.4194231629371643,-0.9693247079849243,-1.7162889242172241,0.0026733954437077045,-0.4959406554698944,2.0059752269749946,0.24762823444104498,0.6637900055980536,-0.10375908271238968,0.5313525211591634,0.11476517763128193,-0.003531196188598275
0.22286777198314667,0.04432523623108864,-0.3425498902797699,0.19437119364738464,-0.3875153362751007,-0.49055784940719604,-0.04629223048686981,0.3771599531173706,0.07283371686935425,-1.2078019380569458,-1.569339632987976,-0.2223413586616516,-0.24812431633472443,0.5903610450037279,-0.4051089869112952,0.7848851656343803,-0.3759883491722021,0.5414071249529462,0.29136702193457126,0.1290136201286412
0.2290005087852478,0.04541221633553505,-0.34553879499435425,0.1781923919916153,-0.3405376076698303,-0.5175871849060059,-0.8331430554389954,-0.08787716925144196,-0.7125710248947144,-1.1839944124221802,-0.7667902112007141,-0.3335568308830261,0.021484537050127983,-0.14674423229044928,1.4670111500009222,-0.15416286986623265,0.8960284611247199,-0.02323804389340855,-0.3337474948625536,0.19575237916729865
0.22679215669631958,0.030231572687625885,-0.3428460359573364,0.16834978759288788,-0.48870009183883667,-0.6646715998649597,-0.9704911708831787,-0.367915540933609,-0.7761650085449219,-0.8157612085342407,-0.5551553964614868,-0.4786721169948578,-0.24782395362854004,-0.566493530782401,1.593282076744351,-0.10901844991266825,-0.09535808517633754,-0.16140531189702575,-0.40995724128360905,0.4208954323566291
0.19508129358291626,-0.32056355476379395,-0.4923027455806732,0.1762806624174118,-0.6240073442459106,-0.6966087222099304,-1.2230799198150635,-0.7374029755592346,-0.4876081645488739,-0.5676071643829346,-1.1479672193527222,-1.1668413877487183,-0.8918008804321289,-0.30693616991295886,0.7193853321584097,0.6403482957695782,0.04083701724579134,0.4169212330647505,0.08923460876069343,0.2683630084646516
0.22915959358215332,-0.20091231167316437,-0.38884052634239197,0.3774985074996948,-0.32501742243766785,-0.28279659152030945,-0.7860680222511292,-0.8211841583251953,-0.14522990584373474,-0.1562572568655014,-0.7123918533325195,-1.1185283660888672,-0.6994646787643433,-1.2074675985388565,-0.24417665943362038,0.10864854284925911,0.12248246303942785,0.7050331596832002,-0.2943938576520464,0.25045715224924253
0.29614004492759705,0.29429861903190613,-0.26488417387008667,0.36002254486083984,-0.22877967357635498,-0.47732266783714294,-1.4127564430236816,-1.5036662817001343,-1.5813560485839844,-0.1472281664609909,0.09886477887630463,-0.5594614744186401,-0.309714674949646,-0.46122120007799255,0.39892476968995727,-0.15692764838080023,0.9448167306672095,-0.1578055558365378,1.0073589954530144,0.17504816466483114
0.23324744403362274,0.09334266930818558,-0.26644352078437805,0.36647164821624756,-0.2735397517681122,-0.520962655544281,-1.743273138999939,-1.9839595556259155,-1.7953792810440063,0.06325782090425491,0.055627722293138504,-0.6109267473220825,-0.19313372671604156,0.535363240188983,0.09129456411642978,-0.4762359376066502,1.1472356222906415,-0.15656868827024834,1.0347202455999076,0.22607196049906092
0.21148359775543213,-0.17466400563716888,-0.3843653202056885,0.519377589225769,-0.12407201528549194,-0.40622466802597046,-1.4825239181518555,-1.8252594470977783,-1.0722466707229614,0.08894021809101105,-0.5049037337303162,-0.8057101368904114,-0.5116220712661743,1.6188849312760867,0.5984762853923472,1.1807762858517972,0.8870354850167164,-0.12289500089821097,0.5214300540479431,0.09458702589282034
0.24900175631046295,-0.17562934756278992,-0.36096465587615967,0.6800534129142761,-0.03758613020181656,-0.23619340360164642,-0.6385331749916077,-0.8481181859970093,0.2954234182834625,0.3344459533691406,0.16630354523658752,-0.5396947264671326,-0.7090423703193665,2.1380071672354575,0.1103996153475454,0.7747304832358181,0.6569402943489735,0.22098414815250983,0.38975885043449815,0.004603241407225913
0.23019416630268097,-0.25883808732032776,-0.3990640640258789,0.3616798520088196,-0.48512300848960876,-0.30377286672592163,-0.12478107959032059,-0.2900030016899109,0.35141173005104065,-0.11875505745410919,-0.21124891936779022,-0.8396379351615906,-1.011890172958374,0.3198793307319357,1.5265339274345986,0.6773043793784695,-0.1842895359331848,0.19168502893600012,0.12698377727658686,0.4000850398200987
0.29668763279914856,0.17143498361110687,-0.20010095834732056,0.4763224124908447,-0.38744911551475525,-0.4572337567806244,-0.7816890478134155,-0.6262984871864319,-0.6407828330993652,-0.6282730102539062,-0.269887775182724,-0.36544808745384216,-0.6178767085075378,-0.07626526489528239,-0.14873583841015134,0.2719351454525567,0.09349701742346626,0.5361907253595023,0.5071090683136803,0.4713898672020445
0.31852084398269653,0.6111822724342346,0.07604779303073883,0.6542900800704956,-0.16057655215263367,-0.6148539781570435,-0.7828612923622131,-0.2812931537628174,-0.5114498138427734,-0.262570858001709,0.2359604835510254,-0.8061811923980713,-0.6226862072944641,-0.12007130306488167,-0.3886472460476135,-0.1240505574897548,0.2706131513419196,-0.039249557975772925,0.04303757393849464,0.37922337901337694
0.30291739106178284,0.7685540914535522,-0.06997617334127426,0.08508235216140747,-0.4655349850654602,-1.0996793508529663,-1.811326503753662,-0.027462027966976166,-0.5322575569152832,-0.08155085891485214,0.6594290137290955,-1.4184585809707642,-0.4279393255710602,0.7953726305244245,0.14802628662475575,-0.026395875871610488,1.8198670633324847,-0.16435299739501028,0.0295261382721021,0.1604099096387907
0.24050496518611908,0.6328007578849792,-0.0006715996423736215,0.06179860234260559,-0.3599397838115692,-0.8803114891052246,-1.1791174411773682,0.6207934617996216,-0.7776289582252502,-0.6074973344802856,1.0530877113342285,-0.666725754737854,0.2212921530008316,-0.6387581101942279,-0.32501458289839047,0.5093348126206935,0.5542329625974433,0.883921238675836,0.18791891122134094,0.29609099810756384
0.21854710578918457,0.09171898663043976,-0.2171376794576645,0.12867587804794312,-0.5719441771507263,-0.5156461596488953,0.032352082431316376,0.47378960251808167,-0.4835854470729828,-0.901309609413147,-0.053585514426231384,-0.41305601596832275,-0.16386151313781738,-0.4506918445030937,0.9516756471153393,0.17509892288158155,-0.4895349007999213,0.4230686896296522,0.2064823064878558,0.31010843121521253
0.17127837240695953,-0.08308053761720657,-0.13615965843200684,0.22644667327404022,-0.7949014902114868,-0.6086918115615845,0.2426580935716629,0.35093310475349426,-0.3355850279331207,-1.1425784826278687,-0.9346681237220764,-0.3506212830543518,-0.4387051463127136,-0.33586446377668316,0.16250174282878807,0.18350112771277946,-0.15575678100496645,0.6380306247150709,0.4369268276958028,0.3442034788005719
0.2308931052684784,-0.057443588972091675,-0.35690152645111084,0.2264103889465332,-0.6360569596290588,-0.5122331380844116,0.5844795107841492,0.25628653168678284,-0.3563631474971771,-1.2022308111190796,-0.892886757850647,0.3622543215751648,-0.3239342272281647,-0.01848478384571631,-0.6925160252389404,0.47182402279524976,-0.08851115933618012,0.22098919550317792,-0.1924078660619472,0.7038015477585509
0.24952509999275208,-0.038863655179739,-0.27398812770843506,0.2753867208957672,-0.6935128569602966,-0.3408508002758026,0.5564071536064148,-0.030817946419119835,-0.6256710290908813,-1.2537518739700317,-0.7595621943473816,0.031965699046850204,-0.51955646276474,0.6187761991252244,0.3190868177847466,1.0218381346889955,-0.22292497144596815,0.4582511234477811,0.3740335959211939,0.47080986493759286
0.26869162917137146,-0.028863655403256416,-0.32336661219596863,0.2030549794435501,-0.8191666603088379,-0.5762238502502441,-0.2296939194202423,-0.1292772740125656,-0.7424928545951843,-1.6262791156768799,-1.5215827226638794,0.12002439051866531,-0.07237937301397324,-0.6227073578801857,-0.28564276757676066,-0.5163209813863169,-0.6145399040338786,0.41070680953975847,-0.1348711387697831,0.6733879180221066
0.2528999447822571,0.10884282737970352,-0.20681779086589813,0.19721181690692902,-0.5581173896789551,-0.30358782410621643,-0.3114759922027588,-0.1489575207233429,-0.5061936378479004,-1.0332927703857422,0.07241136580705643,0.5650771856307983,0.22188003361225128,-1.20173554138768,0.1372048306460274,0.06182155173972627,-0.38407843793340496,0.3904683408664248,-0.016938819373658952,0.2933838253985389
0.2746739983558655,0.3702273964881897,-0.1394062340259552,0.2373923361301422,-0.21805286407470703,-0.2277110368013382,-0.6473382115364075,-0.16801658272743225,-0.21730506420135498,-0.3336220681667328,0.5238324999809265,-0.6135128140449524,-0.2946808338165283,1.4311943029953957,0.3206347572301811,-0.2585853271906515,0.21562856450070364,0.11030109972488099,-0.3773241340911491,0.5284938724269941
0.2530372142791748,0.2307625412940979,-0.1851622611284256,0.3771914541721344,-0.10896563529968262,-0.07321722060441971,0.0133980019018054,-0.42931121587753296,0.09136887639760971,0.16572707891464233,-0.025261012837290764,-0.8235588073730469,-0.43464794754981995,-0.40194122590580866,0.5100595965557264,0.24173568155129618,0.25137374821481584,0.7632108206408826,0.7020573299490158,0.5917096853688533
0.23243598639965057,-0.1237117350101471,-0.4975280463695526,0.2661990523338318,-0.22734905779361725,-0.16191793978214264,0.023361273109912872,-0.5992246866226196,0.29655396938323975,0.10796850919723511,-0.5317538976669312,-0.879352867603302,-0.9537310600280762,-0.24267792940562438,-0.14837802949471351,0.19590040105889323,0.29760443396649333,0.2429998893916249,0.23455538109783564,0.5361518507947618
0.20707368850708008,-0.4040369987487793,-0.6159735918045044,0.0476159043610096,-0.6210324764251709,-0.2895522713661194,-0.7733354568481445,-0.9611428380012512,0.34169384837150574,0.030642390251159668,-0.8887137174606323,-1.346900463104248,-1.027021884918213,1.1285576480884378,0.6171981413331529,0.919239656203122,0.1642246653688988,-0.10597999766201842,0.06083022748846079,0.25611626912924323
0.260226845741272,-0.13806694746017456,-0.30464598536491394,0.6244447231292725,-0.2020374834537506,-0.352961927652359,-1.4747728109359741,-1.1290684938430786,0.18718823790550232,-0.007147120777517557,-0.8043724298477173,-1.0082372426986694,-0.6279972195625305,-0.04196439858536558,0.24896565973416737,-0.19149939200110996,1.2595925015880098,0.5938887296315088,0.163221503234472,0.5037456486209022
0.1972653865814209,-0.26340943574905396,-0.28655707836151123,0.6460058689117432,-0.11644881218671799,-0.318345308303833,-0.9090701937675476,-0.8941489458084106,-0.05083596706390381,0.0020001553930342197,-0.4006336033344269,-0.6738367676734924,-0.7098543643951416,-0.09234521976373629,-0.2188752882216584,0.22425251581491912,1.4159000190498154,0.9703994359734505,1.224198005511366,0.05216184230973057
0.19735413789749146,-0.12085802108049393,-0.3293234705924988,0.5164503455162048,-0.06762456893920898,-0.3093727231025696,-0.4667303264141083,-0.8549836277961731,-0.41769683361053467,-0.29247257113456726,-0.8212965726852417,-0.34025317430496216,-0.7866760492324829,-0.10889453228521127,0.37842386004648515,-0.11320224460917051,-0.0340734932948526,0.15334695912712595,-0.08167454878890905,0.16846955690729368
0.23811425268650055,0.2869899570941925,-0.17292658984661102,0.49848225712776184,0.08162383735179901,-0.4790048897266388,-0.6963671445846558,-0.27099233865737915,-0.31049931049346924,0.046337224543094635,0.2627943754196167,-0.5663585662841797,-0.43012455105781555,-0.638613817558437,0.1550194738063336,0.2416618434612627,-0.2248375642953587,0.2599211601039014,0.08585997086112604,0.09177981135527785
0.2821890711784363,0.6542458534240723,-0.18287470936775208,0.24505698680877686,0.1931268274784088,-0.6619865894317627,-1.5044578313827515,-0.1288153976202011,-1.0402780771255493,-0.10097509622573853,0.6553487181663513,-1.2305980920791626,-0.030427085235714912,-0.6385122113421046,-0.10198599013470634,-0.380341345758957,-0.09610482234920589,0.0023488949545705058,-0.3474927294341577,0.34016046258868293
0.3531385064125061,0.7296509742736816,-0.1859268993139267,0.19854390621185303,-0.27779316902160645,-0.6675781607627869,-1.2951728105545044,-0.839292585849762,-0.8823440670967102,0.1950095295906067,0.5176867246627808,-0.5899550318717957,-0.04373222589492798,-0.19618775429178328,0.09353384155212292,-0.7097616344968415,0.35697585824904,-0.057798346732518845,0.005734198486355193,0.08260627903735528
0.35609719157218933,0.3376770317554474,-0.5689257979393005,-0.03746393322944641,-0.5293983221054077,-0.4805876910686493,-0.5758581161499023,-0.8891959190368652,-0.5413199067115784,-0.228956937789917,-0.7670135498046875,-0.7119797468185425,-0.6428735256195068,0.6789340580855987,-0.042128547271715895,0.8733884449689839,-0.16819386551644483,0.3105561301979584,-0.41771571930067325,0.3252152769647406
0.25949686765670776,0.14186935126781464,-0.5916755199432373,0.07053227722644806,-0.17292086780071259,-0.34507691860198975,-0.24184367060661316,-0.7887396812438965,-0.12953591346740723,-0.17525018751621246,-0.9270082712173462,-0.23247164487838745,-0.6759728789329529,1.3643513090763626,0.2727022527140314,-0.403932994153133,0.5241619784476319,1.8070433797163403,-0.01472297384229472,0.1269342523244161
0.18839026987552643,0.015345386229455471,-0.528208315372467,0.03804768994450569,-0.11253879964351654,-0.41955870389938354,-0.669525682926178,-0.5822283625602722,-0.3687423765659332,-0.45472437143325806,-1.0903255939483643,-0.29082372784614563,-0.18410809338092804,-0.5572834093919561,0.5479669857560269,0.6088926449568225,0.7640980967582592,-0.2799923006768483,0.6398378312701654,0.31817415363028484
0.213209331035614,0.1906445473432541,-0.2151186168193817,0.25915440917015076,-0.17043258249759674,-0.35571709275245667,-0.17212741076946259,0.14120030403137207,0.02143782190978527,-0.49978354573249817,-0.29701751470565796,0.032849181443452835,0.035662297159433365,-1.0425351820813178,0.8715122179570105,0.24990167421289655,0.7732300079178478,0.14830281613577853,-0.3033298201893686,0.709087267283724
0.29013341665267944,0.6300310492515564,0.16735109686851501,0.6350189447402954,-0.06662632524967194,-0.3286592960357666,0.18380728363990784,0.47569212317466736,0.34232139587402344,-0.2612943649291992,0.3364642858505249,0.5052273869514465,0.4085928499698639,0.8414374502584278,1.2848991997880068,0.5329046446301666,0.5953631232079772,-0.22573373960585008,-0.5495302437144941,0.03416418824436243
0.07909861952066422,0.29803988337516785,0.38957688212394714,0.6856139898300171,0.14569029211997986,-0.07938794791698456,1.1601399183273315,0.8920192122459412,0.6700907945632935,0.056090984493494034,0.4410381019115448,0.9483474493026733,0.6739516258239746,1.034051590208118,-0.39483061592655166,0.4431414185767189,0.5733476331996218,-0.1849486473566937,-0.26110187333029933,0.116645838715538
-0.018936431035399437,0.4722588360309601,0.6324931979179382,0.523756206035614,0.19188019633293152,0.11587084084749222,1.7221139669418335,0.8737054467201233,0.8294121623039246,0.4242795407772064,0.9124772548675537,1.4345070123672485,0.5894982218742371,1.1050563291438789,-0.26972923027288914,-0.11696997608956897,0.0852834973100825,-0.1532175743594059,-0.2531530606468691,0.04378397758222392
-0.1886736899614334,0.3386527895927429,0.7365792393684387,0.25833800435066223,0.37677934765815735,0.28628432750701904,1.1860926151275635,0.5305638909339905,0.7394698858261108,0.8215465545654297,1.5841618776321411,1.1056665182113647,0.04099675267934799,0.6051996567247006,-1.0538449315575271,-0.5971472030683143,-0.32610634260590804,-0.10893752249605826,-0.2518947514586382,-0.2777327037574299
-0.3298998177051544,0.4275485873222351,0.8366745114326477,-0.14687342941761017,0.594843864440918,0.4254384934902191,1.2668814659118652,0.6489283442497253,0.015148540027439594,0.9686315655708313,1.711534857749939,0.5698016881942749,-0.0305327195674181,0.5539162421281427,-0.3807288182118678,0.2632219557713698,0.8137906154197643,0.013393258760573758,0.10621488518089961,-0.19909800308532538
-0.48932722210884094,0.6737044453620911,1.0742186307907104,-0.39716100692749023,1.043777585029602,0.3813535273075104,1.0713295936584473,1.0616660118103027,-0.7227187156677246,0.8865215182304382,1.6303226947784424,0.30692869424819946,0.5476230978965759,0.15129795164633725,-0.5176524296731442,-0.8909939067290646,-0.34164489655285385,-0.13622461350004772,0.15554868818618206,-0.7028585260095684
-0.661331057548523,0.8003103733062744,1.3795415163040161,-0.6426998972892761,1.083715796470642,0.19878722727298737,0.638673722743988,1.235650658607483,-0.7965325117111206,0.8741389513015747,1.3873144388198853,0.17481151223182678,0.5232641696929932,-0.25506124132404223,-1.4041112092019727,-0.709610565545087,-0.5129866097918752,0.01531145411062905,0.21637875625304961,-0.45157891183986043
-0.7140374779701233,0.8790469765663147,1.4861021041870117,-0.8967901468276978,0.7919902205467224,0.389582097530365,2.0073390007019043,1.3994289636611938,-0.6134652495384216,0.7287302613258362,-0.00808973703533411,0.19627784192562103,0.009832782670855522,-0.9436621868998836,-1.024241322395224,-0.9778885310365569,-0.5705986542023868,-0.6357032411439099,-0.10787531562593292,-0.5434061931957808
-0.895993173122406,0.7355578541755676,1.7398604154586792,-0.9112843871116638,0.9975073337554932,0.6446400284767151,2.7290232181549072,1.5520986318588257,-0.2386171668767929,1.1794663667678833,-0.11632654070854187,0.8639317750930786,0.43534597754478455,0.34563713633845633,-1.9468096731046747,-0.6491292938187709,-1.0760465308426288,-0.21043960726184888,-0.09717370361870346,-0.8590220558355676
-1.0476261377334595,0.7889164090156555,2.1487369537353516,-0.5795494914054871,1.5293744802474976,0.5499000549316406,1.9184633493423462,1.5004194974899292,-0.06036665290594101,1.7374579906463623,1.361042857170105,2.2735884189605713,0.9564986824989319,-0.7293592217793308,-1.8136285560144594,-1.3563054589492332,-0.9662240040473942,-1.2378050963487808,0.24502634755362043,-1.2147693919742302
-1.2816698551177979,0.5758246183395386,2.173128366470337,-1.0081993341445923,1.751563310623169,0.4057859480381012,1.1036230325698853,1.396626353263855,-0.7105287909507751,2.0360372066497803,1.3712732791900635,1.7022819519042969,1.2754623889923096,0.8128788277201229,-1.5450379213094976,-1.5199490903926849,-0.42946053826942315,-0.836921166663759,-0.006475840350224166,-1.4141963044990549
-1.3659751415252686,0.894878625869751,2.1932015419006348,-1.6485668420791626,1.6783760786056519,0.22929921746253967,0.8699081540107727,1.421642541885376,-1.5505733489990234,1.9619709253311157,0.7345173358917236,1.2027541399002075,1.391757607460022,0.6368424121857768,-2.0214489802500752,-1.9358039771318414,-0.7632622592198255,-1.4421868936199602,-0.23830841235663747,-1.1610851617072968
-1.6097490787506104,0.2798384428024292,2.359870433807373,-1.4668221473693848,2.049478769302368,0.7464922070503235,2.3294129371643066,2.440058708190918,0.023235512897372246,2.4192445278167725,1.379174828529358,1.7912652492523193,1.080019235610962,0.01519709378059392,-1.5044316419721762,-1.380658781143067,-0.8188764032969655,-1.274857665780508,0.5494442025571401,-1.3342621067630014
-1.768377661705017,0.19435551762580872,2.6792988777160645,-1.407327651977539,2.304569721221924,0.8940721154212952,2.1839826107025146,2.9102625846862793,1.0521018505096436,2.878840684890747,1.8663841485977173,1.6473034620285034,0.8086986541748047,-0.36214578379885143,-2.409874524354302,-0.7628255970143245,-0.9824674162400704,-1.1407590143165827,0.26579609828659756,-1.7722251826288804
-1.9615646600723267,-0.019678106531500816,2.7694008350372314,-1.6602556705474854,2.4624412059783936,0.6386195421218872,0.3744727075099945,2.2289607524871826,-0.892404317855835,1.955569863319397,1.875346302986145,2.097264289855957,1.7199945449829102,0.6571133171672543,-1.8071330160794317,-1.771360892528265,-0.884001228210131,-1.111275231740112,0.1586912484188376,-1.9021999543387715
-2.0607147216796875,-0.03966662287712097,2.9136810302734375,-1.7713147401809692,2.4863035678863525,0.5737585425376892,-0.1516118347644806,2.019437551498413,-1.156914472579956,1.914005160331726,1.729113221168518,2.0621697902679443,1.6109613180160522,0.5767767461382066,-2.494474032303509,-1.5877768414379414,-0.07837954183182282,-1.3112650916671589,0.012640684621456042,-1.910061934632671
-2.2346110343933105,-0.23738981783390045,2.883793592453003,-2.0707602500915527,2.7691633701324463,0.7100613713264465,-0.3566029965877533,1.6287370920181274,-1.4806979894638062,2.647742986679077,1.9972543716430664,2.397361993789673,2.032550811767578,0.6466545642517504,-1.9429656503959107,-2.023273746079544,-1.105267493042978,-1.830106097180074,-0.263172353959164,-2.3109513071485375
-2.4491045475006104,-0.5432016849517822,2.898993968963623,-2.4541356563568115,2.770395040512085,0.7293811440467834,0.22334030270576477,2.1096673011779785,-1.208282232284546,2.858017921447754,0.6329782605171204,2.164252519607544,2.4957478046417236,1.656566900051965,-1.9842778911318137,-2.0401080459080116,-1.6018186499189004,-1.4138928118363543,-0.9488948857079645,-2.5898750255243153
-2.5534262657165527,-0.6947606205940247,2.880645990371704,-2.7663919925689697,2.7373549938201904,0.9374842643737793,1.0312460660934448,2.8513026237487793,-0.37302300333976746,2.9845023155212402,0.2253827601671219,1.4202321767807007,1.7321820259094238,1.2586513977038472,-2.3605908517802816,-1.5552055282040094,-1.9247173637482733,-2.341681376417342,-0.2782363158738182,-2.9471884018728907
-2.7741689682006836,-1.3040156364440918,2.878556728363037,-2.9635136127471924,2.7225139141082764,1.0285850763320923,0.07348351180553436,2.1382899284362793,-1.2877272367477417,2.4869320392608643,0.3485930263996124,2.268176317214966,2.12677001953125,1.4628896625632415,-1.8605709474201526,1.8682917933288965,-0.8628435382525027,-1.7742038438710275,-0.4339093823673976,-2.65434007229594
-2.9155027866363525,-1.4650217294692993,3.021357774734497,-3.116325855255127,2.8321337699890137,1.1644870042800903,-0.47257325053215027,1.9081249237060547,-1.9977238178253174,2.02016282081604,0.6006535887718201,2.755077838897705,2.5536792278289795,1.0768899554579998,-2.056560969015191,-2.3135883972713747,-0.6917290819527144,-1.9838873787770657,-0.2589796985250234,-3.2370392114136517
-3.1331140995025635,-1.9982695579528809,3.004373073577881,-3.3539674282073975,3.067702054977417,1.7745732069015503,1.073074221611023,2.985682487487793,-0.9271256923675537,2.1507861614227295,0.5161303281784058,2.497225046157837,2.5780889987945557,0.8441800045519808,-1.7983901820468093,-0.9900882697931669,-1.504584491312906,-2.4621684563651463,-0.1122793802376183,-2.851110055756118
-3.213379383087158,-2.049243211746216,3.0799036026000977,-3.472641706466675,3.196303129196167,1.9722185134887695,1.2717547416687012,3.223005533218384,-0.5134941935539246,2.3359692096710205,0.3342767059803009,2.4910197257995605,2.8604507446289062,0.6650899394636747,-2.6074470825481324,-0.8046461531765531,-2.1501878160471697,-1.9659616886795985,0.09514925860389142,-3.3112573741589646
-3.361656904220581,-2.333543062210083,3.2299692630767822,-3.3537240028381348,3.5055859088897705,2.096133232116699,0.29193273186683655,2.5893032550811768,-0.7793043851852417,2.4956185817718506,0.6482411026954651,2.784135580062866,2.7771096229553223,-0.24984934765440292,-1.4866357225862432,-1.3344957703330769,-1.5059789555927388,-2.060858752002071,-0.8489806965441774,-3.3128460251197036
-3.4860451221466064,-2.5653908252716064,3.290013551712036,-3.5083701610565186,3.5046751499176025,2.2577710151672363,0.05229378119111061,2.1344127655029297,-1.1994365453720093,2.4057376384735107,0.4190784692764282,3.097275733947754,2.8952364921569824,-0.8096363487101766,-1.886952755989959,-0.4704440113582729,-1.830747727939003,-2.117090213129733,0.09065697884358462,-3.7587736409970627
-3.689072608947754,-3.3441309928894043,2.9591548442840576,-3.935343027114868,3.4037532806396484,2.4131903648376465,0.5499789714813232,2.4615063667297363,-0.8308615684509277,2.3353705406188965,-0.8559884428977966,2.147649049758911,2.404651641845703,0.0730702163036872,0.8372422190076587,-1.0997583519538079,-1.9318564557560105,-2.093319327633556,-1.107406208410092,-3.6463593889301342
-3.5777792930603027,-2.4786534309387207,3.468050479888916,-3.8713138103485107,3.1493659019470215,2.1164498329162598,0.19399374723434448,2.6969358921051025,-0.17728012800216675,2.615346908569336,-1.0062077045440674,1.8023505210876465,2.2189619541168213,2.710152533719411,-2.8642379412018446,-2.1661173848422237,-1.4060910659848682,-2.529409387417578,-2.863560951731624,-3.9887049660970426
-3.5245654582977295,-1.799125075340271,3.961034059524536,-3.829273223876953,3.0770936012268066,2.213712215423584,0.28182098269462585,2.922163963317871,0.8755099773406982,3.147376775741577,-1.2628986835479736,1.462526559829712,2.1703577041625977,-1.106595723442667,-2.6103444004928753,-2.9103201993235785,-2.9885313314778856,-3.7596195993667636,-3.9225548069460494,-4.2940896725584405
-4.168051242828369,-4.061037540435791,3.6134276390075684,-4.206842422485352,3.556654453277588,3.416714668273926,0.038462813943624496,2.154069423675537,1.7493964433670044,3.225285768508911,-2.141270637512207,2.702244281768799,2.954306125640869,-1.995936596328993,-3.325849015373957,-3.6050999801006776,-4.090171135384696,-4.491780132920625,-4.954297505895446,-5.172983525426214
