MFCC_1,MFCC_2,MFCC_3,MFCC_4,MFCC_5,MFCC_6,MFCC_7,MFCC_8,MFCC_9,MFCC_10,MFCC_11,MFCC_12,MFCC_13,Delta_1,Delta_2,Delta_3,Delta_4,Delta_5,Delta_6,Delta_7,Delta_8,Delta_9,Delta_10,Delta_11,Delta_12,Delta_13,Chroma_1,Chroma_2,Chroma_3,Chroma_4,Chroma_5,Chroma_6,Chroma_7,Chroma_8,Chroma_9,Chroma_10,Chroma_11,Chroma_12
-2.5266857,-2.165024,1.0088781,-0.87748736,1.596802,-2.3246095,2.705348,-2.395691,0.5204177,-1.0727773,1.3793343,-0.18143268,1.044797,1.4250542,0.7940044,-0.08499806,0.58902496,-1.0142438,2.0050786,-2.1738791,2.0787365,-0.61625403,1.019854,-0.14663942,1.0196134,0.6452253,1.8254633,2.170011,1.6897973,2.032582,2.3381543,2.0891466,1.3324691,0.9655685,1.2663268,1.5318049,1.8606341,1.8173196
-2.5266857,-2.165024,1.0088781,-0.87748736,1.596802,-2.3246095,2.705348,-2.395691,0.5204177,-1.0727773,1.3793343,-0.18143268,1.044797,1.4250542,0.7940044,-0.08499806,0.58902496,-1.0142438,2.0050786,-2.1738791,2.0787365,-0.61625403,1.019854,-0.14663942,1.0196134,0.6452253,1.4598746,1.7314097,1.7863122,1.796207,2.2446277,1.8526205,1.1187428,0.81383157,1.0403128,1.2218878,1.758473,1.5790125
-2.5243418,-2.1531398,1.036403,-0.8444134,1.6313446,-2.2682233,2.751075,-2.3422618,0.5880064,-0.9866596,1.4353586,-0.11320149,1.1000684,1.4250542,0.7940044,-0.08499806,0.58902496,-1.0142438,2.0050786,-2.1738791,2.0787365,-0.61625403,1.019854,-0.14663942,1.0196134,0.6452253,-0.16520156,0.14383222,0.03648505,0.22500303,0.104863435,-0.2769716,-0.17468123,0.44758806,1.2701883,0.931583,0.2695353,0.14135844
-1.1786233,-0.56719714,0.3159939,0.70903903,1.6605729,0.552764,0.4531479,-0.18487886,3.3742723,-1.2078925,0.9040243,-0.9315557,1.2900244,1.4250542,0.7940044,-0.08499806,0.58902496,-1.0142438,2.0050786,-2.1738791,2.0787365,-0.61625403,1.019854,-0.14663942,1.0196134,0.6452253,-0.054383744,0.3714276,-0.4347942,-0.86003375,-1.0740545,-1.4269828,-1.4813352,-0.052131712,1.2701883,0.68885744,-0.049974076,-0.20261851
-0.7261056,-0.5542544,0.3838651,0.6015677,1.1508007,0.81563306,-0.14579196,0.16634722,2.180818,-0.06417527,0.43564603,0.08633734,0.63634306,1.4250542,0.7940044,-0.08499806,0.58902496,-1.0142438,2.0050786,-2.1738791,2.0787365,-0.61625403,1.019854,-0.14663942,1.0196134,0.6452253,0.06667146,1.1402806,0.06604827,-0.52144176,-0.8507746,-1.1513954,-1.1651464,-0.12738384,1.2701883,0.5772388,0.078946814,-0.06497177
-0.77893937,-0.9505179,0.80891913,-0.16879807,0.68559825,0.8264275,0.045956712,0.7884109,0.8128207,0.31995237,0.5524848,0.332438,0.41124192,1.1436759,0.5760591,0.042171087,0.35244817,-1.381792,1.2903535,-1.6121048,1.6140617,-1.0605698,0.6546608,-0.030185146,0.8290674,0.34127748,0.85532975,1.8521764,1.7863122,0.7916261,-0.033502303,-0.32014453,-0.73629,-0.779963,0.47793195,0.16827369,-0.1512933,0.34114954
-0.88264537,-1.5306515,0.5760451,-0.2478679,0.6551496,0.97133327,-0.12997736,1.1110351,0.1037469,0.11952002,0.8910571,0.8245712,1.6088449,0.7308134,0.14117536,-0.021601876,0.3244674,-1.3368926,0.7794516,-0.6695174,0.9717527,-1.4775329,0.26438886,0.11735397,0.53403234,0.21082492,0.40236732,0.8535639,1.7863122,0.24858047,0.2603567,-0.36214888,-1.6663909,-1.9672779,-1.3833257,-1.0455241,-0.30757564,-0.061446477
-0.91411513,-1.5392394,0.83136404,-0.014749919,1.0203872,1.4008832,-0.23594536,0.98385245,-0.021100845,0.31049365,1.2623086,1.0440217,2.3725727,0.77205247,0.4144629,-0.74066323,-0.2985739,-1.2521219,-0.3054521,-0.2243734,-0.36554074,-2.4824057,-0.9424693,-0.870187,1.0617734,-0.47027102,1.4297138,1.7680665,1.7863122,0.7538826,1.7443998,0.32576886,-0.9212795,-1.8762504,-1.3794134,-0.29778585,0.5559664,0.97347975
-0.89052397,-1.19686,1.1391656,-0.11687716,0.45714137,0.7053735,0.3483717,0.7701252,-0.17407319,0.04661412,1.6952931,1.0077095,1.4316615,1.3872811,1.3381016,-1.6108198,-0.11062598,-1.1551716,-0.636505,-0.57005787,-0.8770833,-2.0971227,-1.773224,-2.1068637,1.1532327,-1.3205501,1.3196405,1.5662534,0.9245203,1.1879909,2.3872285,0.45482603,-0.7774382,-2.0148673,-1.4810712,-0.21346056,0.62676096,0.9878472
-0.82986313,-0.9521951,0.87465477,0.028121639,-0.2449435,-0.20634395,0.29796714,0.390828,0.05551374,-0.69410926,1.0124882,0.20709188,0.8142008,1.9851795,2.166448,-2.2048151,0.20801751,-1.1458558,-0.74277765,-0.8770264,-1.1008352,-1.6494545,-1.636926,-3.114928,1.2539068,-2.2450612,0.99452126,1.5395268,1.3211943,1.8332399,2.3872285,0.3444155,-1.3562008,-2.3126624,-1.2269914,0.19853944,0.4333249,0.5261661
-0.75661474,-1.0998931,0.30300653,0.79190874,0.26258418,1.0934432,0.75040054,0.42646417,0.017488707,-0.67725945,0.98829484,0.03466619,1.1075351,2.2495494,2.6404798,-2.4282827,0.26851514,-1.3756114,-0.84851664,-0.8392883,-1.0686711,-1.4809858,-0.6298052,-3.29398,0.8125306,-2.9105422,1.2803437,2.3335185,1.285268,1.6405054,1.3561182,-0.21642801,-1.291719,-1.8127184,-0.63792104,0.2715234,0.4449344,0.371079
0.89505947,0.6234642,-1.7545303,-0.36507937,-0.020575082,-0.29160103,-1.172664,-1.5208849,-1.8735595,-3.2198074,-1.644959,2.1259668,-0.059829194,2.1580217,2.5486262,-2.707945,0.22283374,-1.5162656,-0.78620726,-0.87547976,-0.8369483,-1.453412,0.47270888,-3.0015585,0.07543584,-2.822777,1.4697361,0.09100996,-0.887448,-0.6999042,-1.0037807,-1.7074603,-1.1523583,0.9655685,1.0518563,-0.3693311,0.6874109,1.5475254
1.5998518,0.6869382,-1.9775524,-0.097791225,-0.44150668,-0.47498044,-1.470594,-0.9395738,-1.9973369,-2.334544,-2.2920089,2.5831993,-0.9295085,1.770313,2.2024653,-2.626621,0.21118155,-1.0463859,-0.31826788,-0.8680821,-0.5366262,-1.1055104,0.8420063,-2.2451303,-0.23782705,-1.7732574,1.663155,0.29752237,-0.67187816,-0.5583344,-0.7307218,-1.1244168,-1.3887107,0.9655685,1.1006534,-0.72059894,0.57386035,1.5423899
1.6825657,0.78622913,-1.8575301,0.17153817,-0.53547895,-0.21108912,-1.0956699,-0.49638462,-1.6700628,-1.0451919,-2.0089836,2.213294,-0.81746197,1.1334305,1.7009686,-2.0581105,0.1222246,-0.5570951,-0.10401906,-0.57554317,-0.19797988,-0.6160911,0.76744175,-1.1223673,-0.6283089,-1.1272911,1.5089817,0.69074565,-0.1608429,-0.34811792,-0.052773565,0.21091054,-0.311656,0.9655685,1.2018083,0.25002015,0.90447086,1.1936219
1.4605231,0.8802383,-1.9050155,0.36195284,-0.93661696,-0.47924587,-0.6185068,-0.48736003,-1.7210159,0.93146586,-0.9655243,1.0390471,-0.37551627,0.35931098,1.1004163,-1.0593729,-0.27598193,-0.3645955,-0.22428699,-0.13254312,0.036457308,0.12923937,0.7974189,-0.15778482,-1.8144351,-0.707351,0.24376471,0.09475841,-0.122474924,-0.040641643,-0.030560097,-0.25759202,0.6302003,0.9655685,1.159554,0.7082399,0.09034325,0.4983014
1.2000612,0.88690466,-2.4507692,0.3199394,-1.0950004,-0.35176492,-0.7693786,-0.46700606,-1.8709505,1.6308798,-0.74417216,-0.1623497,-0.5453811,-0.3800269,0.36571366,0.06313909,-0.5866934,-0.43658504,0.06314888,0.7107776,0.26375037,1.0976261,1.2481642,0.92756814,-3.4000225,-0.6643701,-0.5149862,-0.50234985,-0.30024493,-0.35162994,-0.5278657,-0.29833466,1.3442309,0.23406485,0.40641946,-0.45655903,-0.84095806,-0.5198325
0.9695094,0.9734528,-2.509328,0.25815982,-0.55623543,0.31334358,-0.67609286,-0.44727433,-1.2927499,-0.5050908,-0.6091927,0.40999156,-0.09295437,-0.4729428,0.3785901,0.33520523,-1.2224294,-0.74605095,0.062050585,0.7967645,0.009827719,1.3867807,0.8653356,0.5063422,-3.4925025,-0.8505505,1.1884861,0.44455877,0.4828107,-0.067240715,0.4036751,2.1210942,1.082441,-0.16950463,0.85422975,-0.07616044,0.6863604,0.25798392
0.7458332,0.85078686,-2.3563168,0.25489387,-0.20077866,-0.047816224,-0.727114,-0.3952888,-1.0148487,-1.7563944,-0.8225977,0.09766785,-0.34959108,-0.2951139,0.32880375,0.48309693,-1.493809,-1.0839732,0.07055994,0.5439365,-0.02485721,1.7005548,0.7641554,-0.010672254,-2.5432472,-1.0255772,0.3744069,0.14694898,-0.11284292,-0.42302358,0.7179787,1.4159809,-0.57046074,0.9655685,0.53971916,-0.33851922,0.8542623,0.68787664
0.71278393,0.85098076,-1.6871291,-0.6301006,-0.18418539,-0.36055985,-0.51642895,-0.60029256,-0.7803779,-0.95686036,-0.9421418,-1.1816419,-0.48033306,-0.097272746,0.29984525,0.6861448,-1.3921415,-1.0205498,0.07209875,0.3937326,0.1443695,2.0722425,0.5961743,-0.5221653,-1.5580512,-1.4738162,0.035683803,-0.33715966,-0.565851,-0.65321666,0.14019011,0.7710743,-0.32163516,0.9655685,0.14305769,0.3522811,-0.022186615,0.12509984
1.099724,1.2075665,-1.2642078,-1.5239854,-1.4241291,-0.48319075,-0.17728442,-0.91920185,-0.3041032,0.26198864,-1.1382366,-2.3438077,-1.9332281,-0.014228009,0.3099769,0.929127,-1.106549,-0.90601635,0.06276327,0.29273653,0.13681686,1.9557474,0.76183474,-0.6915192,-1.2951235,-1.7500457,-1.3215014,-1.3140702,-1.2935752,-1.2711552,-1.2177063,-1.164154,-1.5462663,0.9655685,-0.72682965,-0.4710344,-1.1913006,-1.2384192
1.224643,1.1840737,-1.4807246,-1.4940518,-2.0491867,-0.23637511,-0.10204887,-0.6120804,0.037388984,1.0884941,-1.650684,-1.7006928,-1.6978099,-0.067296185,0.24987027,1.01745,-0.72028255,-0.8019709,-0.09626881,0.14899544,0.08907719,1.5832273,1.4300655,-0.52372324,-1.4853834,-1.6758733,-1.4484183,-1.3896594,-1.3723966,-1.3457849,-1.3494626,-1.4526252,-1.2774397,0.9655685,-1.2081367,-1.0747432,-1.4273047,-1.40437
1.1487192,1.1146395,-1.4834306,-1.1717501,-2.0969584,0.042961527,-0.39998996,-0.29571417,0.7402349,1.9329152,-1.0513614,-0.5414719,-0.99764186,-0.13625081,-0.06865006,1.3210942,-0.2500319,-0.00029321876,0.103022374,-0.29035446,0.49045193,0.81458175,1.1117862,-0.35278013,-0.3462016,-1.0190098,-1.4113499,-1.3650004,-1.3490605,-1.2743764,-1.094579,-0.90934247,1.3442309,0.14909704,-1.8236624,-1.7542788,-1.5619764,-1.5060012
0.98596025,1.1407416,-1.3544925,-0.81585777,-1.4514469,-0.18375778,-0.31688,0.07003829,1.1811098,1.1808138,-1.0829885,-0.7675385,-1.707446,-0.16711012,-0.46074662,1.5220283,0.35344627,0.9262367,0.30995455,-0.9066173,0.98944217,-0.29320243,-0.3308043,-0.31880203,0.93127584,-0.51012504,-1.4395639,-1.4042972,-1.3625631,-1.3934271,-1.1883817,-1.0748432,1.3442309,-1.1187832,-1.8114039,-1.7660619,-1.5719599,-1.4996752
0.78294814,1.1931069,-1.0568383,-0.8268979,-1.0590672,0.117178455,-0.5824046,-0.45744896,0.56188303,0.3017475,-1.4126664,-1.9082177,-2.1343963,-0.23436603,-0.7286782,1.6975873,0.5901223,1.735132,0.34612948,-1.2007138,1.2493395,-1.1346686,-1.4778546,-0.30167913,1.359574,0.026776599,-0.98128784,-1.1280605,-1.2158415,-1.0604753,-0.23787166,-0.47850555,0.4108054,0.9655685,-0.804581,-0.37633178,-0.98786545,-1.1895441
0.5758198,1.1170012,-0.59844524,-0.8122372,-0.9163147,-0.45874962,-0.50312865,-0.6249534,0.58805233,0.8294727,-1.068832,-2.3124027,-1.6529173,-0.22075151,-0.7197139,1.7492558,0.41222805,1.8165654,0.24932362,-1.1220841,1.0185001,-1.4246469,-1.9108584,-0.24058141,1.0709208,-0.2046863,-0.6067208,-0.5094907,-0.64730984,-0.10419703,0.8562805,1.2902912,1.1854216,-0.22792934,-0.4137567,1.5357383,0.3347063,-0.8784249
0.6655451,0.5292288,0.5446287,-0.80169713,0.09215851,0.037173223,-1.3715647,0.9820915,-0.65246767,0.2380486,-1.3118855,-0.13570231,-1.3165423,-0.20941563,-0.70980555,1.5537213,0.302514,1.5099211,0.19700004,-0.7636733,0.69326794,-1.652207,-1.9777371,-0.17940135,0.58497983,-0.4917849,-0.29463,-0.5945216,-0.16002923,0.035811704,-0.3576362,0.06773828,0.008629071,0.9655685,0.032167446,-0.40588748,0.5990863,-0.20928203
0.9708331,0.41857746,0.82740813,-0.7193581,0.10294892,0.44845468,-1.9714384,1.637687,-1.8093684,-1.5006564,-1.5182987,0.47504845,-1.6010063,-0.25360838,-0.68540066,1.3021282,0.35362926,0.94058985,0.19084956,-0.25170946,0.47531205,-1.3495257,-1.2990704,0.23474228,0.4778609,0.13888545,-0.1898319,-0.52961326,-0.6549494,-0.5267217,-0.60023135,-0.68588746,-0.9342865,0.9655685,0.29353648,-0.8933756,-0.3292562,-0.114356786
0.971245,0.56835884,0.7153446,-0.80163354,-0.11793476,0.31818357,-1.6539605,1.5124991,-1.5396855,-1.5191087,-1.5794046,-0.02214768,-1.6937543,-0.369617,-0.5609139,0.89387363,0.5863352,0.6146147,0.02619559,0.49040353,0.238455,-0.76590914,-0.41323167,0.765279,0.32580122,0.6177845,-0.39012954,-0.8015205,-0.618201,-0.5710488,-0.39989722,-0.37828273,-0.37126207,0.9655685,1.0482844,0.49721417,-0.13756779,0.06307702
0.7680441,0.6274978,0.4381772,-0.79517657,-0.25870696,0.13864188,-1.330384,0.6132569,-0.7481558,-0.9676221,-1.3980856,-0.12912926,-1.7354033,-0.55870503,-0.39787287,0.37021008,0.81108665,0.40693763,0.08034646,1.0778846,-0.16951421,-0.12607616,0.008163454,1.1910862,-0.14981309,1.0311774,-0.9177509,-1.1732415,-1.0192652,-0.99553627,-1.0413126,-1.699617,-1.6896554,0.36933288,1.2701883,0.31470996,-0.82059854,-0.76333886
0.52289337,0.51380885,0.43777817,-0.47474557,-0.09680051,0.15367301,-0.93813044,0.26122567,-1.1075813,-1.1721088,-0.82231,-0.88830894,-2.0927715,-0.7858635,-0.30148253,-0.22857924,1.0872877,0.052290298,-0.044555955,1.4450828,-0.710227,0.8819854,0.5721304,1.4637946,-0.9597992,1.8469296,-0.7721479,-0.88711315,-0.8216815,-0.9077201,-0.9729202,-1.4878472,-1.1569293,0.17865679,1.2701883,0.15904136,-1.0859679,-1.067905
0.29414397,0.46316624,0.76280856,-0.20846774,-0.1654834,0.07649596,-0.34961393,0.4832792,-0.75642455,-0.4794375,-0.59771097,-1.156969,-1.2100623,-0.85176253,-0.47073382,-0.4898738,1.0320188,-0.053433876,-0.11979687,1.1876817,-0.747016,1.4193635,0.7711196,0.9043154,-1.0264646,2.501915,-0.16077858,-0.36832133,-0.34351313,-0.63278437,-0.4571828,0.101066515,1.0121021,0.82801396,1.2701883,0.53219104,-0.26695535,-0.5212288
0.092258245,0.4756898,0.72170925,0.055301245,0.081622876,-0.2306843,0.19625917,0.15050389,-0.8784909,0.5004331,-0.19195165,-1.1441963,-0.68294775,-0.49312952,-0.090802826,-0.59688777,0.22358872,-0.65088457,-0.07466907,0.7365928,-0.7447826,0.9404987,0.7397856,0.7335042,-0.54576546,2.049691,0.17417137,-0.7222652,-0.85205036,-0.9719371,-1.0064859,-0.62425035,-0.39002073,0.9655685,-0.56462276,-1.4104699,-1.0758936,-0.09439846
-0.07246548,0.32410523,0.54345846,0.266399,0.2520469,0.20824735,0.22835208,0.19325525,-0.45863554,-0.01194779,0.2154258,-0.647205,-0.025655188,0.0031831148,0.4853834,-0.79661655,-0.5102819,-1.3070644,-0.038943667,0.57648027,-0.48314553,0.59569126,0.6573909,0.41093266,-0.37721798,1.5446649,1.2561375,-0.22971502,-0.72546345,-0.7103825,-0.75808436,-0.5305759,-0.72000754,0.7003526,1.2701883,0.40836376,-0.65343624,-0.21298392
-0.1290259,0.063453756,0.1588303,0.65394163,0.05646352,0.27430683,-0.2779053,0.07136079,0.3062865,-0.30764297,-0.13988385,-0.68931955,0.71366,0.38811985,0.9438233,-1.0718546,-1.0797912,-1.6307896,-0.07341387,0.5850247,-0.09799035,0.680894,0.8652584,0.4251479,0.11165983,1.0210118,2.0303204,0.0003095077,-0.4698512,-0.40585476,-0.09541318,0.36684084,0.47364363,0.61295056,1.0478201,1.2436192,-0.09933639,0.8358147
0.013039149,-0.017352149,-0.12960212,0.15337838,-0.3767411,0.025331412,-0.86525404,0.11178004,0.44081405,-0.985129,-1.4113925,-1.0868353,0.55960214,0.5774164,1.1209002,-1.1290886,-1.3002065,-1.5776273,-0.16534117,0.47829098,0.26291183,0.3622096,0.911308,0.51329625,0.40297464,0.20444785,0.3483587,-0.5200275,-0.57313913,-0.3831671,-0.09467517,0.22276261,0.056679644,0.67919886,0.67286855,1.5357383,0.21776004,0.5158328
0.6014617,1.1257889,-0.21685717,-1.6510699,-1.6614764,-0.036873985,-0.5250576,-0.78008634,-0.7451711,0.16778952,-0.33404195,-0.67598784,-0.85568273,0.5761434,1.0915287,-0.7821881,-1.3024273,-1.4978821,-0.34900448,0.36084858,0.6485736,0.07639114,0.75531226,0.5813661,0.31122413,-0.096662074,-0.9942052,-0.5389116,-0.28406313,-0.46657723,-0.41017145,-0.26201385,-0.35548648,0.9655685,-1.1914266,-0.8263513,-1.0559915,-0.9672309
0.8760979,1.5232805,-0.5991229,-1.5890735,-1.9643081,-0.030897625,0.24525622,-0.26277924,-0.43295646,0.44953018,-0.2912283,-1.1475282,-0.66023576,0.395848,0.97029954,-0.41483274,-1.2448925,-1.156301,-0.6980586,0.4053048,0.7953336,0.08244603,0.90112406,0.85236675,0.2780588,0.060720377,-1.3104582,-1.0779952,-0.9552537,-1.0065411,-0.99792165,-1.1852589,-0.45785633,0.9655685,-1.2165442,-0.5087638,-0.8812575,-1.2465024
0.809028,1.4433522,-0.7940726,-1.370577,-1.4697058,-0.1590004,0.78251565,0.87707597,0.08371021,1.1529846,0.5356886,-0.46877074,-0.38747764,0.05776074,0.7178416,-0.017280234,-0.937942,-0.544988,-0.8336857,0.66014993,0.83514726,0.11148426,0.8725795,1.3936726,0.22398244,0.21539794,-1.3582473,-1.1710224,-0.9672635,-0.8906917,-1.1296817,-1.021793,1.3442309,0.57695055,-1.233497,-0.6051101,-0.9487385,-1.2466692
0.6035107,1.2046155,-0.48728102,-1.0156305,-1.0903292,-0.46932238,0.50127685,1.2928221,-0.41375226,1.4366409,0.45999998,-0.11437171,-0.19634888,-0.3230678,0.25117108,0.27422476,-0.23573133,0.13046831,-0.6628483,0.86118305,0.9139959,0.45953152,0.3579098,1.304105,-0.054802246,0.640921,-1.4087489,-1.3430718,-1.2638847,-1.2354476,-1.4351543,-1.0726457,1.3442309,-1.4590871,-1.764001,-2.0473492,-1.7102726,-1.535658
0.40093413,1.011519,0.014054457,-0.9215859,-1.1904713,-0.8752578,0.09583607,1.3652872,-0.5852773,0.596064,0.45621714,-0.57327896,0.21714108,-0.6491089,-0.42597842,0.46753743,0.4682691,0.70549214,-0.5820731,0.5109703,0.9323054,0.9856262,-0.52844864,0.5515229,-0.28456542,0.974622,-1.1353838,-1.1782323,-0.8987745,-0.8530971,-1.2115908,-0.44861317,1.3442309,0.32340795,-1.2310036,-1.7992599,-1.4682964,-1.163099
0.20214315,0.9420268,-0.06411637,-1.2756348,-1.1411041,-1.35421,-0.02692746,1.1127827,0.44455636,0.5765776,0.6532779,-0.29218662,0.8425855,-0.6838088,-0.5996647,0.68175435,0.5506668,0.8661983,-0.22472586,-0.019814368,0.14530714,0.6973809,-0.8593232,0.069331296,-0.33551136,0.08812618,-1.2457553,-1.0543872,-1.0821551,-1.1858554,-1.3317579,-1.1254913,1.3442309,0.082367964,-1.5250119,-2.024646,-1.6767604,-1.3646091
0.014341632,0.97533345,0.047339205,-1.2296962,-1.0267878,-1.3772447,0.45962033,0.90195566,0.31620812,0.69508094,0.94248265,-0.7543687,0.396881,-0.50127876,-0.64765245,0.72543174,0.69540024,0.78635854,0.35625967,-0.39625648,-0.5560924,0.292084,-0.9692132,-0.3940904,-0.101762235,-0.3594576,-1.1908432,-1.0026201,-1.0752224,-1.2487074,-0.8400178,0.18188842,1.3442309,-0.613455,-1.5809029,-2.0466595,-1.5134933,-1.3176775
-0.007341014,1.0187153,0.10524283,-1.0698792,-0.9514808,-0.6981045,1.0012808,1.376752,0.46581095,-0.26693788,0.1980885,-1.30821,0.1262954,-0.2804961,-0.822689,0.5335115,0.94322777,0.799786,0.8454056,-0.52609164,-0.8577611,0.17548367,-0.76628274,-0.6570128,0.5301505,-0.46699756,-1.423108,-1.1447376,-1.1773065,-1.2981745,-0.21413441,2.1210942,-0.6989641,-1.7018826,-1.4922384,-1.2981601,-1.1645284,-1.4061959
-0.008262359,0.9210587,0.17567147,-0.8705194,-0.8976639,-0.970321,0.5291424,1.4273036,0.8465692,-0.5632149,0.43185923,-0.8395743,-0.013730694,-0.12319718,-1.1871791,0.21602823,1.2714332,0.887406,1.1140082,-0.6529116,-0.90611255,0.27931312,-0.23651117,-0.82191837,0.81493676,-0.5238419,-1.2937186,-0.986343,-1.0793823,-1.0253799,-0.13545616,1.7292345,1.3442309,-0.7367224,-0.87628746,-0.24123435,-0.89965165,-1.4103433
0.028530316,0.7731805,0.41996902,-0.47230634,-0.39432845,-0.09634913,-0.047416493,-0.12560704,0.10229698,-0.1752768,0.13328853,-0.8300128,-0.8564335,-0.04797595,-1.5457653,0.03895342,1.6285967,0.9529925,1.0733179,-0.9302846,-0.8772128,0.34789294,0.16626482,-0.9005889,0.60368204,-0.4701776,-1.2638171,-1.1245469,-1.0096341,-0.8402359,-0.82867134,-1.0164547,0.36583737,0.9655685,0.49574584,-0.99354154,-1.4746375,-1.4508832
0.12183161,0.44942763,0.5764116,-0.09452151,-0.26353392,0.7264101,-0.463602,-0.29010016,-0.41075397,0.07247244,0.23737344,0.4553513,-0.21300454,-0.018412998,-1.6059139,-0.01175737,1.7594556,0.9580406,0.7522261,-1.1193684,-0.7597577,0.50498956,0.34983543,-0.7301803,0.63654715,-0.23897679,-1.1927365,-1.1333632,-0.8863234,-0.7162449,-0.9039069,-1.2620343,-1.180765,0.23003784,1.2701883,-0.781562,-1.4901683,-1.4824805
0.11920621,0.016804583,0.4500464,0.27158675,-0.23770647,0.7288161,-0.6296611,-0.23431426,-0.22565521,0.069538616,-0.22862522,1.034791,0.24576907,-0.04061924,-1.3720748,0.07485435,1.7099221,0.8937303,0.38176417,-0.79680836,-0.5666982,0.29479298,0.705234,-0.45661932,0.5125708,-0.05891327,-0.4436281,-0.5786804,-0.21838975,0.22380622,-0.15613264,0.38894585,0.75149274,0.9655685,0.6833842,-0.5987603,-0.2760642,0.099478826
0.034196816,-0.43518934,0.023738798,0.4455142,-0.22980647,0.5052695,-0.62280893,-0.08922729,0.94903874,0.45826018,-0.11219444,0.072179735,0.26772773,-0.087849244,-0.97286636,0.25593778,1.5385844,0.83584875,0.24519296,-0.17527197,-0.13743235,0.17172751,0.743556,-0.51066434,0.09790043,0.32214913,-0.2702962,-0.2944733,-0.22050828,-0.008565073,-0.2551544,0.31977716,1.3442309,0.5723058,0.5505599,-0.5476535,0.682518,1.7496595
-0.07399234,-0.591499,-0.0794918,0.7678463,0.05879175,0.087561406,-0.81383485,-0.23786241,1.4033644,0.87033236,-0.06320683,-0.5872152,0.090445146,-0.12883852,-0.5150275,0.42475083,1.1267985,0.6176503,-0.028021043,0.18516977,0.38393888,0.08451247,0.31095317,-0.26872486,0.047448296,0.59239155,-0.7640571,-0.54187685,-0.5574736,-0.46802095,-0.7161319,-0.646236,-0.22376573,0.9655685,0.5349003,-0.7871371,-0.27874023,-0.18651323
-0.06610612,-0.2850872,0.3509406,1.0497593,0.16732258,-0.13264243,-0.64336985,0.0065038432,0.8663014,0.28308615,0.101626575,-0.31229407,-0.3638756,-0.1410618,-0.22825007,0.5556677,0.7422106,0.6591949,-0.16434526,0.23176046,0.46769804,-0.30927402,0.020676127,-0.1628258,-0.10184077,0.47814396,0.06849002,-0.107234985,0.06688232,0.36832365,0.055695888,0.9476065,1.3442309,0.35412943,-0.2538633,-0.52488095,0.40848672,1.1481614
-0.03659866,-0.022447458,0.7023728,1.1089585,0.18875776,0.014979721,0.010817822,0.27479845,0.0820845,0.5947481,-0.17373906,-0.1442066,-0.21181169,-0.106877536,-0.2249709,0.621296,0.28435093,0.56291115,-0.07084741,0.17041117,0.48880172,-0.8518192,0.11698201,0.02513201,0.2823893,0.35246986,-0.74723846,-0.5409511,-0.062277507,0.22056946,-0.33476925,-0.03445337,1.3442309,0.18317011,-0.27791592,-0.4020959,-0.5268592,-0.4186134
-0.08902374,0.017599022,1.0599816,1.180058,0.41359818,0.39795154,0.049255844,0.40345964,0.08565728,0.78833354,-0.23388186,-0.04928521,0.38087073,-0.04709686,-0.33664104,0.63475734,0.12295363,0.5068302,0.11636914,0.26530796,0.46864498,-1.016753,0.07806038,-0.033060025,0.95617837,0.38120064,-0.8803401,0.02612273,0.6157191,0.47051013,0.0030083095,-0.40126243,0.82919896,0.9655685,-0.09211353,-0.4142979,-0.44873723,-0.8692926
-0.09163501,0.011253766,1.1760513,0.87390065,0.3113523,0.49588183,-0.32141635,0.43967983,-0.38283288,-0.038732123,0.008808367,0.61924696,0.3953567,0.13276371,-0.5614283,0.16025172,0.5116247,0.55268437,0.59750414,0.37543342,0.47292784,-0.83360255,0.061059505,0.085658304,1.1611933,0.70963377,-0.589972,-0.03460187,0.38992485,0.30005658,0.28211814,1.3994132,0.39067382,-0.71869475,1.2701883,0.33913577,-0.31980214,-0.52730757
-0.08168694,-0.38689965,1.0139796,0.88230675,0.59402245,0.28725553,-0.6822523,0.505517,-0.63632876,0.04908776,-0.019229023,0.7170248,0.77317864,0.2969452,-0.8097296,-0.3071522,0.9908399,0.5931995,1.0212007,0.4088885,0.42339566,-0.53238904,0.11126131,0.26909485,1.1254101,0.7340126,0.34567103,0.7667849,1.5080819,2.1006658,0.5109322,1.333828,1.1699011,-0.41742563,1.2367108,1.5332937,1.3538753,0.7220263
-0.101997085,-0.8614782,0.78293985,0.5599662,0.35415083,0.22317383,-0.61956054,0.6357676,-0.6049716,0.9950182,-0.009227904,0.8734305,0.35317916,0.36397734,-0.79009396,-0.53667915,1.22049,0.37599617,1.1544923,0.46401867,0.36617035,-0.13357973,0.1856425,0.75490683,1.0561377,0.32304743,0.9152888,0.79268247,1.7863122,1.8428808,1.5817747,0.75236255,-0.3392035,-0.85125756,-0.5336897,-0.0010836873,0.92536306,0.84877914
-0.08635066,-0.8873474,0.8455172,1.029699,0.5706387,0.44850746,-0.018409975,0.6439684,0.19468914,0.8097253,-0.023032498,1.0006434,0.23362145,0.35425234,-0.5197759,-0.759022,1.1513151,0.12488622,1.0511158,0.68323463,0.28216922,0.379624,0.5011315,0.83523124,0.6404205,-0.011537638,0.6311543,0.29397988,0.68878496,0.7853802,1.8908845,2.1210942,-0.35004696,-0.8737346,0.08292566,0.41106328,0.9917274,0.48098928
0.28903863,-0.7835063,0.102133535,2.4189036,1.0020791,1.7685409,0.16799803,0.77312225,-0.17342222,0.57688767,0.2670874,0.9860454,0.80943817,0.24381599,-0.1975233,-0.91387826,1.0024999,0.031163236,0.7706099,0.7608437,0.18981166,1.1172704,0.868075,0.6219725,-0.011713239,0.056279052,1.1252202,1.2063304,1.7681932,1.6086537,0.8351765,0.9119709,-0.44484583,-1.5910236,0.4566171,1.5357383,1.5116767,1.4020964
0.44613504,-0.7240719,0.27078375,2.7425954,0.9367728,2.389442,0.39222065,0.97425294,-0.68440276,0.29997718,0.4412453,1.4175545,0.55136305,0.06449494,0.16229327,-0.8933056,0.50218815,-0.15316254,0.50824475,0.72931665,-0.022187915,1.3783858,0.88500315,0.4862222,-0.49352285,0.06273895,0.7665868,1.1211942,1.7863122,1.8228859,0.44626972,-0.38946435,-0.71163327,-1.5830973,-0.45802316,0.40416664,0.6730067,1.0743034
0.30699837,-0.58332485,0.49067134,2.240962,0.41577083,2.142766,0.5406608,0.94319695,-0.25599018,0.9664722,1.0180947,1.4887016,0.35378626,-0.1499042,0.37988573,-0.69001323,-0.07945138,-0.11287714,0.168623,0.4659716,-0.30505702,1.18835,0.40404373,0.52466166,-0.55030936,0.26788223,0.12635681,0.36458302,1.5416381,2.1006658,0.7730762,-0.1563095,-0.83285403,-0.9404037,-0.2616751,0.74034846,0.88987136,1.2712622
0.1585103,-0.46514198,0.1065595,1.6949316,0.37151408,1.6327542,0.4732042,0.74236673,0.7707609,1.495873,0.71067464,0.8350965,0.4976398,-0.4130942,0.34610543,-0.40911198,-0.7402331,-0.03781528,-0.3127458,-0.012723934,-0.6098189,0.78583133,-0.040662304,0.6015151,-0.3906382,0.1753378,-0.14057244,0.1966363,0.69713247,0.6824942,0.26274252,0.43773502,-0.66381,-1.3921177,-0.43834305,1.5357383,1.0354546,0.30993584
0.0040006973,-0.5179279,-0.29922187,1.5473808,0.5055207,0.889136,0.14871563,0.6673371,1.580144,1.6388308,0.36927608,0.35137242,0.74821424,-0.80555123,0.27445963,-0.045814835,-1.2112728,0.26272437,-0.9549858,-0.1588631,-0.9430113,0.9758968,-0.5332036,0.778722,-0.27437255,0.19107506,-0.41617122,-0.20493695,0.16945738,0.6828548,-0.39790195,-0.4115077,-1.0693747,-1.5502819,-0.708115,1.5357383,0.45693117,-0.46144834
-0.15334587,-0.5658017,-0.28973493,1.1163828,0.44367495,0.9580702,0.334778,0.24283245,1.1769793,1.7992264,0.38505575,0.05526705,0.6978169,-1.4582077,-0.16512945,0.5234411,-1.472772,1.2353249,-1.7411715,0.35646552,-1.4655521,1.1323752,-0.98752636,0.96585995,-0.23254842,0.60710734,-0.4312007,-0.062491227,0.14530171,0.55012727,0.17307049,-0.50637007,-1.1419663,-0.7844224,0.42224014,1.5357383,0.10309868,-0.30669078
-0.274839,-0.5079857,0.06132913,0.9569792,0.6505529,1.0424579,0.3080847,-0.15238795,0.59396464,0.6040487,0.8925153,0.88850754,0.70309407,-1.9102861,-0.98800164,0.7526777,-1.7235593,1.4996142,-2.0673327,1.1426282,-1.7574022,0.4580067,-1.646841,0.8697992,-0.43449634,0.6568694,0.25262794,0.384995,0.504779,0.72060156,0.98643595,0.05264307,-0.16239186,-0.91054016,-0.251836,1.5357383,1.0837567,0.34126216
-0.4279716,-0.4675109,0.33067492,1.1746869,1.0461413,0.775718,-0.11889221,-0.5611427,0.2548543,-0.32713354,1.1913873,1.2942798,0.60834557,-2.1490853,-1.5529122,1.0139699,-1.8664435,1.4160969,-2.1632216,1.7869334,-1.8332766,-0.13440616,-1.9270558,0.9977375,-0.44701555,0.5235732,0.9220178,0.5930016,0.3540164,0.20182787,0.28585422,0.24573943,1.2062728,0.9655685,-0.53663486,1.0115597,1.3372148,0.9896778
-0.8740624,-0.41538575,0.37158623,1.2300143,1.477698,0.02427643,0.175517,-0.9764139,1.1644284,-0.57448316,1.7267708,1.1285003,1.0406398,-2.1490853,-1.5529122,1.0139699,-1.8664435,1.4160969,-2.1632216,1.7869334,-1.8332766,-0.13440616,-1.9270558,0.9977375,-0.44701555,0.5235732,0.4166298,0.1496589,-0.067416035,-0.24390645,-0.4830402,0.113726646,1.001756,0.9655685,-0.7328691,-0.21047325,0.7628985,0.1938686
-2.23475,-1.1919649,1.7627438,0.083405584,2.742407,-2.275774,1.8222586,-2.2475343,1.7709779,-0.5109001,1.8231424,0.9866708,1.3324261,-2.1490853,-1.5529122,1.0139699,-1.8664435,1.4160969,-2.1632216,1.7869334,-1.8332766,-0.13440616,-1.9270558,0.9977375,-0.44701555,0.5235732,1.3896788,1.1038386,0.6141388,0.8698241,0.94377327,1.0183675,0.6195707,0.9655685,0.52690774,0.8279211,1.7760017,1.3227191
-2.5266857,-2.165024,1.0088781,-0.87748736,1.596802,-2.3246095,2.705348,-2.395691,0.5204177,-1.0727773,1.3793343,-0.18143268,1.044797,-2.1490853,-1.5529122,1.0139699,-1.8664435,1.4160969,-2.1632216,1.7869334,-1.8332766,-0.13440616,-1.9270558,0.9977375,-0.44701555,0.5235732,1.1133972,1.7811089,1.7437062,1.4813315,1.4947869,1.3558291,0.74122864,-0.23915529,1.0477244,1.1507746,1.8733436,1.5737422
-2.5266857,-2.165024,1.0088781,-0.87748736,1.596802,-2.3246095,2.705348,-2.395691,0.5204177,-1.0727773,1.3793343,-0.18143268,1.044797,-2.1490853,-1.5529122,1.0139699,-1.8664435,1.4160969,-2.1632216,1.7869334,-1.8332766,-0.13440616,-1.9270558,0.9977375,-0.44701555,0.5235732,1.168933,1.8800676,1.2088423,0.98671,1.4907664,0.50192165,-0.48370254,-0.72075975,0.31174845,1.105322,1.8733436,1.377114
