0,1,2,3,4,5,6,7,8,9,10,11,12,13,14,15,16,17,18,19,20,21,22,23,24,25,26,27,28,29,30,31,32,33,34,35,36,37,38,39,40,41,42,43,44,45,46,47,48,49,50,51,52,53,54,55,56,57,58,59,60,61,62,63,64,65,66,67,68,69,70,71,72,73,74,75,76,77,78,79,80,81
-34.957703,-20.030912,-15.569628,-16.581474,-6.5035,7.2441998,10.072289,11.77013,14.8818,13.431286,9.9488735,7.356741,9.254511,9.353714,9.340139,10.650365,11.882136,12.175392,12.465985,11.779903,12.918097,12.499655,10.658878,13.952518,16.990143,15.735687,13.106045,13.003422,17.509672,18.298538,17.484632,17.451956,20.718258,20.156496,15.431934,17.542582,24.33147,21.894909,16.339207,17.628311,18.44898,15.503429,15.94788,22.964163,33.77909,49.660202,48.548256,50.824516,51.187653,50.20543,51.295547,50.054916,49.397926,48.724373,49.34016,48.792343,47.06378,46.912125,47.16477,46.831917,46.492023,46.522778,46.202805,46.240837,46.192524,45.93681,46.191307,46.32805,46.172108,45.96571,45.90576,45.900658,45.91831,45.918457,45.751694,45.62658,45.64882,45.654224,45.650215,45.651928,47.422195,47.591736
-51.381584,-41.785206,-43.115326,-54.763733,-26.912607,-10.812032,-4.0991697,-2.3871279,0.87205315,3.0321903,0.030369759,-1.5031433,-0.52573013,3.2710733,5.685136,5.6293983,4.909046,4.895438,4.826294,5.2238064,4.820483,3.4869099,3.0941782,4.2668333,2.0332336,2.1789818,3.41296,2.2441235,3.607668,3.9145527,3.0900383,3.5019035,7.122532,8.074738,4.6395607,4.9272976,9.905169,6.2806187,2.6442184,2.5016708,2.309166,1.1555138,1.8113155,9.350636,23.35708,50.543625,49.380657,49.02784,48.19958,49.61953,50.870613,50.653435,51.568684,53.24472,52.77559,50.855618,47.489113,48.86824,48.259445,46.42242,44.59671,44.117416,43.20396,42.491905,44.32325,42.406982,40.21862,41.887924,39.571045,35.446354,38.573883,39.291912,36.08274,32.846268,27.855724,21.962841,0.75632477,0.0,0.0,0.0,31.747608,36.268574
-56.12304,-45.830673,-43.96511,-56.23862,-26.92945,-9.100739,2.4938087,2.7075615,2.4616508,4.9657955,3.037078,5.0217667,7.3851185,7.02248,5.7448673,4.197294,6.1808767,5.0951557,3.0427856,3.51157,5.0659046,3.1153355,-0.12431145,-1.2613964,3.2827415,3.7764606,3.484682,1.8767376,3.7689457,-0.2714138,-0.45737076,3.8178139,4.4523354,2.5720806,3.7157326,7.135597,9.378534,5.87208,1.8203754,2.4251995,0.66326714,1.4071045,6.64093,14.158382,26.836712,55.510643,55.047573,51.938736,51.13942,54.66073,54.404762,51.812798,50.400993,54.471504,54.13501,49.726414,48.30854,48.576015,50.012207,48.062443,42.7042,44.414936,44.48198,41.69357,42.71039,40.396053,37.977962,39.301533,39.448433,36.730934,36.65062,37.36808,35.71072,33.70922,29.535484,19.464577,0.0,0.0,0.0,0.0,27.829105,32.347363
-47.50685,-36.83397,-35.733925,-48.208675,-20.083385,0.80067253,12.537627,15.595242,17.358356,23.721632,19.738487,18.410437,20.920856,18.487276,17.025175,18.34412,22.392612,18.984646,15.25856,20.444183,22.00943,20.045557,16.905252,14.386095,18.615341,16.083263,14.446144,16.454857,18.890972,13.714588,15.95071,21.419819,20.863,19.943441,20.301151,21.29659,21.864443,19.288929,20.213589,19.657183,15.197353,15.514374,19.971235,27.59438,36.855698,56.88389,58.838547,57.21971,56.608475,58.63903,56.59662,52.946846,52.95768,56.774612,55.5587,49.04129,47.576004,48.069916,49.657455,49.309185,47.90596,47.404827,48.14055,46.93409,45.878,43.35547,40.547836,41.534424,38.199654,37.4907,37.281776,35.494274,32.991405,31.086891,29.4962,22.562756,0.0,0.0,0.0,0.0,25.205078,29.72776
-43.825817,-29.309032,-21.066921,-31.255669,-4.609539,21.62376,34.46957,37.372993,38.856155,43.34534,44.42549,44.189896,43.004047,39.393295,36.285225,36.473038,37.260887,35.849293,34.06111,36.486214,38.466026,34.693916,34.319572,38.405396,37.29258,35.928604,33.332443,34.959023,38.246735,34.119396,35.350094,40.52662,37.39218,43.342434,41.676857,35.814774,36.86081,34.826782,36.881104,42.237846,40.502426,41.38118,42.476856,45.193703,51.991356,59.721893,59.176746,56.13508,55.060402,57.448185,57.22025,55.198322,55.04731,53.297695,51.277206,50.272255,51.07809,48.99109,50.91157,51.89873,48.046158,45.75041,45.14837,46.106785,45.754772,45.884148,43.004257,41.13764,38.753372,39.71454,40.399662,39.10817,38.550182,39.22339,35.81163,27.28804,0.0,0.0,0.0,0.0,23.253292,27.763111
-54.803326,-45.08815,-45.519093,-57.331764,-23.822315,0.9466429,12.523631,14.111799,11.576502,13.692293,12.607924,10.854805,11.530072,11.7707405,11.561767,11.678787,8.517151,9.556919,10.528015,11.5161,15.214907,14.523903,11.668793,10.540792,10.579302,13.5743885,11.383884,9.853556,10.192524,9.590511,10.107162,12.256962,9.426693,13.937983,14.498171,11.948904,14.917534,14.820082,12.556715,11.814693,11.793901,12.281355,16.898775,22.131804,34.20343,57.989243,55.416203,54.423557,53.869377,54.50258,54.388268,52.31866,53.174942,53.88695,51.82177,50.855965,50.31298,47.574036,48.656143,49.716465,44.159813,45.17488,47.677605,48.179466,45.663586,45.898777,44.187508,43.48388,42.008526,38.872414,40.26381,43.195602,42.353195,40.850166,36.711037,26.065666,3.2108994,0.0,0.0,0.0,21.580948,26.097843
-58.245876,-49.263718,-49.447422,-61.251396,-27.527832,-4.8395433,4.547778,8.604771,8.659243,9.954145,9.150377,7.4139347,10.969528,10.145914,10.033358,8.900698,7.0514946,7.499983,5.1086216,7.4890594,8.900616,6.0969257,7.480461,13.491196,15.330757,15.156075,13.242281,14.824854,15.938248,14.680258,13.47872,13.766565,13.100903,15.644274,14.57591,12.361679,12.501255,11.38648,8.71512,8.499449,8.655365,8.544071,9.689362,16.857582,30.95925,54.864746,52.71202,52.341667,52.745346,52.51326,54.04261,52.12382,51.588562,51.40124,51.02282,49.694412,47.709373,48.553333,51.64879,49.649857,43.972,46.189106,49.389496,49.802177,46.350098,46.591675,48.83601,48.87288,46.51185,44.310947,43.670258,44.5935,41.713463,37.56528,33.151775,27.196857,2.030243,0.0,0.0,0.0,20.23508,24.752304
-49.501736,-42.63519,-49.2629,-65.49628,-28.19036,-3.5113726,3.4047203,3.124012,1.9791107,4.4918203,3.992032,1.9407845,1.5206375,0.95874786,-3.043602,-2.0836754,-5.289465,-9.8447,-6.9320526,-2.7641277,-2.2017212,-0.98093796,4.1799793,6.6981487,10.555043,10.608923,9.061937,10.451986,10.650238,10.608685,14.934959,15.542375,15.197905,13.080717,10.874708,12.433552,14.587078,8.832846,3.9741611,10.3709755,8.871988,4.315735,10.143936,20.21641,33.586178,52.38228,49.97854,51.419266,53.351547,53.55251,52.345932,49.458645,51.959858,51.27352,50.354107,50.028496,48.25745,46.669025,50.960052,50.80117,46.95616,48.186325,50.300987,49.295567,46.329525,44.35328,46.481155,46.420216,45.54377,42.28916,40.470215,38.93709,36.125023,34.150383,34.032722,28.188358,0.0,0.0,0.0,0.0,19.011543,23.537716
-57.741837,-52.544052,-56.568504,-72.03784,-34.89262,-6.4640493,0.20746326,-1.7923937,-3.8491173,-0.6857929,-3.0916767,-7.3737183,-11.145065,-12.28563,-13.239079,-9.93843,-12.868057,-14.527897,-10.906279,-9.050042,-8.2325325,-6.5120497,-0.7209015,0.26544762,0.5288248,-2.069252,-0.7965889,2.9828682,0.003145218,-0.81635094,0.87041473,3.6351128,4.869421,7.65431,4.579653,7.522852,13.511837,7.032509,-1.5448608,2.3495598,0.38246536,-1.8502522,2.626484,12.180878,23.769428,52.999638,53.015232,53.606995,52.250298,53.28222,52.207954,50.96076,54.660892,52.38035,47.757645,46.89282,44.940975,43.505913,44.993896,43.86666,42.542564,45.492233,46.34458,43.269783,40.728153,39.114204,41.144287,44.140205,41.89337,38.5205,38.006474,36.03299,32.527172,32.05508,31.965149,25.584557,0.0,0.0,0.0,0.0,18.01944,22.542515
-62.2207,-53.27096,-53.72685,-64.59189,-32.99765,-0.86529064,9.252241,10.738809,10.329831,11.07874,5.763365,-3.257351,-3.232481,-2.5500813,-4.1278553,-6.0208416,-3.9739304,-2.1128807,-1.5089588,1.3190918,4.707369,5.110362,3.9673157,2.6869965,4.057761,3.2833004,3.940546,4.020979,2.33214,1.9415779,3.383709,7.1757374,9.090729,12.577461,14.207481,15.649832,18.865734,16.273804,9.809883,9.026539,6.4091415,6.7871494,6.260044,12.654366,26.472939,53.772396,51.894325,52.30131,52.36143,51.691883,49.0916,48.03273,50.073826,48.26044,43.254353,44.434353,44.903187,42.99408,42.351585,39.471176,39.55193,43.277737,44.079185,41.14097,36.62133,36.62332,37.760292,37.670033,38.0373,35.53057,32.88277,30.652668,29.844246,30.29187,28.749683,18.416279,0.0,0.0,0.0,0.0,17.167458,21.67516
-66.72424,-58.269264,-59.03936,-70.77087,-34.279327,-17.820894,-10.555096,-6.668048,-5.0195627,-5.249672,-7.7672844,-12.798346,-11.182911,-10.680355,-10.793844,-7.942074,-7.034012,-7.6523466,-8.03721,-4.9742928,0.060419083,5.316324,8.863121,9.466888,14.567205,13.624414,7.729883,6.2941895,5.4039993,4.3806458,7.021036,8.910318,10.963623,11.030041,12.119469,10.924057,13.6597805,12.502405,6.5577126,5.7390556,6.663725,6.6901073,6.4550667,9.001041,20.402275,53.061157,51.865417,52.87868,52.287483,50.66632,46.580513,47.73448,47.033966,45.03538,43.558495,43.36415,43.910843,44.942406,42.616367,40.276413,41.555706,42.331017,40.80417,38.91861,40.87182,39.03239,34.917465,34.944733,37.22338,33.632504,30.314568,28.967766,28.777596,28.871922,23.900005,15.273895,0.0,0.0,0.0,0.0,16.286259,20.80798
-56.83486,-47.602333,-47.875206,-61.78464,-24.855013,-5.7222147,-1.5005627,-4.35135,-3.7771664,-1.4696712,-4.7859154,-7.1281033,-3.808405,-2.4596043,-1.0823612,0.30130005,1.2370319,3.1085815,2.5126896,6.3959866,9.13974,8.81477,11.497919,12.718487,18.824375,19.58763,14.706282,12.194092,9.198223,9.476456,12.604555,12.667627,13.492523,15.957365,17.516907,16.972483,16.295734,16.368534,17.645008,15.945034,16.927876,18.688608,16.638481,21.124546,31.877832,51.35421,50.9467,53.209866,51.57201,50.4441,48.282608,46.15218,45.171196,45.814598,46.468983,44.68047,43.85702,46.40653,46.861027,43.733616,44.189587,43.447956,42.08694,40.319084,38.892838,37.256783,36.253624,36.094856,34.369205,33.240158,31.157944,30.734356,28.380527,28.593567,30.038567,24.563465,0.0,0.0,0.0,0.0,15.62751,20.136616
-44.321316,-31.685555,-24.481583,-34.25099,3.9165154,22.82092,26.056675,19.580832,23.053093,26.93407,26.575983,21.691978,21.719889,21.662533,23.135376,25.059345,30.176846,30.288918,33.411896,38.847755,39.708687,36.922043,41.76905,46.992466,50.488083,46.35553,36.6718,39.843777,39.53604,32.641563,36.47362,37.261703,35.224056,37.596874,40.2795,40.060165,46.08206,42.45662,45.28261,47.89412,50.866264,50.810413,45.12697,46.464996,52.76885,51.99363,53.36209,53.210876,51.80817,51.51984,49.847305,47.824356,47.353912,48.445995,47.4569,44.240273,43.63538,45.092,43.506413,43.47109,43.146454,40.573326,38.464073,37.43646,36.263336,36.335686,35.29982,35.807907,34.41839,33.694122,33.37584,32.06064,30.61052,29.544136,26.474861,20.135693,0.0,0.0,0.0,0.0,14.99202,19.475666
-41.790504,-30.12172,-25.36462,-35.752914,-0.81372833,12.648344,15.417334,16.23916,15.512655,20.5434,20.140236,19.730202,25.97627,32.8716,31.320818,26.553888,26.914984,28.125181,31.533083,37.017544,32.212036,28.470901,35.53868,41.42634,39.801376,35.971436,30.187288,33.867397,38.31196,26.332296,27.232283,34.889694,41.73702,37.086105,35.048424,37.194683,43.998398,41.40989,41.016586,41.911903,48.095253,46.7455,39.412304,41.20086,53.881737,52.06333,52.9533,51.00695,48.97985,50.3043,47.921055,45.318085,43.911724,46.120277,45.475388,43.33064,43.811386,41.113747,39.50852,40.180847,42.463116,41.870415,39.456684,37.09765,38.885494,36.890556,33.43228,33.00482,29.938622,32.112553,31.351662,29.494953,29.382504,28.036263,24.2742,17.270897,0.0,0.0,0.0,0.0,14.261597,18.746334
-55.093708,-48.66884,-50.927734,-64.650116,-25.609993,-11.062003,-8.967909,-5.630515,-4.6535015,-4.453767,-7.0038013,-3.8962374,3.5171738,12.756214,7.96805,3.4004307,1.5381107,0.10738182,7.432169,8.577135,7.161278,6.7840786,13.920996,17.470413,16.756775,14.701768,9.156319,7.9992847,8.792456,2.4528217,5.295061,10.865526,16.125399,14.855333,14.014912,17.937342,19.10474,14.446455,15.082773,18.236723,26.64367,24.488895,15.01461,17.721825,32.79064,51.59388,51.754665,50.527058,50.833733,51.03622,51.1848,46.345203,44.521065,44.945374,46.64495,44.16568,43.62909,42.793873,41.118362,37.568787,37.57956,38.165565,40.23855,39.42604,37.281967,34.454315,33.732853,34.29577,31.664055,29.922863,27.095589,25.999416,27.554142,26.883556,25.777607,19.78907,0.0,0.0,0.0,0.0,13.557541,18.080982
-54.51053,-48.82854,-51.31624,-64.28885,-25.761892,-8.362833,-4.916519,-2.2449274,-3.330783,-3.2053385,-3.866331,-0.5070095,6.46653,12.60247,8.859909,10.474262,10.083567,8.703691,10.277414,13.527678,13.882127,10.162972,12.649019,15.201847,16.356155,15.21858,12.295559,10.824028,9.693611,4.6774006,5.7453594,10.206099,11.256607,10.984457,13.218361,16.562223,18.426565,15.878458,12.133173,15.943779,22.00777,21.439518,16.512854,18.242102,31.37296,50.762352,51.412186,52.96682,53.04245,50.134613,51.094112,48.562393,45.671944,45.294254,45.9888,43.88422,38.684914,38.902916,41.370625,42.285213,39.659313,37.69297,35.031956,35.66381,35.282867,30.845543,31.015717,31.595005,30.116257,28.925781,27.22483,28.507584,27.43991,26.06438,24.170906,17.812641,0.0,0.0,0.0,0.0,12.773972,17.293575
-52.846924,-49.30856,-52.28309,-65.0937,-28.672314,-4.211483,2.3030357,1.5796957,-3.9997225,-5.6047964,-4.198185,0.25977898,7.229143,13.013557,12.468298,12.5665455,15.367896,17.137896,18.11694,20.467701,19.746565,13.004696,13.878817,14.556019,18.81223,25.103168,21.327374,12.410759,8.890259,6.177864,8.462633,9.364487,8.160946,12.906012,15.97291,20.022854,21.57286,20.676804,14.501965,19.419043,24.067518,23.57411,17.678337,23.862501,36.602768,51.55818,52.000694,50.687218,48.72653,48.305626,50.432552,48.10398,46.2391,45.15582,45.476944,42.919216,38.40992,42.744453,44.78846,43.2611,40.920593,39.013916,35.62806,35.343056,35.51316,34.09664,34.454865,31.923801,29.936493,29.127625,27.518116,27.21661,23.865837,21.456066,21.567139,16.51191,0.0,0.0,0.0,0.0,12.138901,16.646332
-49.25635,-45.01114,-45.783443,-60.3322,-27.077713,-3.1052074,1.4263525,-0.5179081,-4.903783,-6.8460636,-2.8841295,0.86351395,5.089758,9.235882,13.788338,15.061226,13.3377285,13.376261,14.546678,16.141262,18.518265,17.93424,18.344189,20.79998,22.511831,20.97947,16.664127,14.140276,14.706533,16.820477,18.022926,18.715487,17.18492,24.388994,24.863026,22.531313,20.04626,16.93488,16.592285,21.081623,24.474314,22.824017,16.784306,21.962431,34.602383,51.252968,48.678528,49.700474,48.553764,48.85822,51.6855,49.032646,44.691574,43.01658,45.536224,43.495285,38.71331,42.029133,41.947014,39.365513,40.60721,41.198906,38.566994,35.38355,34.18216,33.758804,35.39103,34.865765,28.643074,29.755527,29.413254,27.697243,25.37788,23.964725,23.516117,18.843658,0.0,0.0,0.0,0.0,11.617134,16.125103
-49.44719,-47.689007,-50.083748,-62.976494,-25.313042,-6.113575,-0.055277824,-0.19035912,-1.6739674,-3.6513748,-2.287652,0.5399704,2.9096432,5.1812353,3.9019432,3.9690542,4.8303375,7.9606476,10.822786,15.528543,18.916805,19.146788,19.262974,19.89052,24.73762,28.288834,25.413841,21.638298,23.533205,23.801384,18.624533,15.385597,15.224499,22.106716,23.796795,22.061626,28.00278,27.465803,17.760546,16.121784,20.923376,20.741215,14.045412,16.071777,30.505774,51.35157,48.57518,48.610962,49.00316,48.240673,48.779373,46.631638,43.161217,43.48275,44.017864,42.27221,38.84401,35.673233,34.02638,34.615906,37.167717,37.88893,36.93315,36.121525,33.8646,32.434013,32.918167,32.42881,28.553036,28.92268,27.11243,25.683002,25.809662,24.66851,22.377708,14.239807,0.0,0.0,0.0,0.0,10.869286,15.371826
-52.281803,-51.52456,-53.56937,-64.85805,-28.1318,-9.181104,-1.8764076,-0.47846794,-2.8303013,-4.3120537,-3.0273857,-0.19892311,3.488037,6.540119,6.67659,7.278019,7.0040703,7.9516525,10.053667,14.857983,17.743572,19.170979,19.509438,20.526115,21.681374,25.234974,21.535305,18.539846,20.248566,18.600925,15.144791,14.802603,15.565039,18.994072,20.978119,21.719408,29.384895,29.698143,19.352932,18.310734,21.42403,19.799278,13.647509,18.347359,33.160458,49.90455,47.551796,46.96263,46.094933,44.32487,47.43406,46.73022,45.160812,43.172016,42.100838,41.768524,39.432186,38.190063,35.90869,38.607037,38.926514,38.84635,36.809242,34.271225,33.615944,31.384048,29.339493,29.279472,28.507679,27.770866,25.707012,25.885006,24.62822,23.387188,21.71297,12.998413,0.0,0.0,0.0,0.0,10.171646,14.694382
-47.44845,-47.00287,-48.914482,-56.94947,-17.855759,0.17746162,10.00705,18.529537,18.699383,12.967955,12.965313,10.067671,9.203119,15.570459,13.069195,12.11804,13.371639,16.54573,18.52791,18.587757,21.16142,15.972004,13.78833,14.500513,18.452742,19.80545,16.88102,13.095865,11.994486,8.587563,6.432266,8.562859,12.699068,17.312304,20.865269,22.157616,26.491016,25.726456,17.834326,21.326727,30.720474,32.114193,24.311966,26.66202,39.651245,46.073277,45.107918,46.06128,44.92469,43.696655,46.021515,44.8938,43.0847,40.36327,40.11003,39.627083,37.88511,37.797592,37.496624,35.67657,33.479515,34.41973,34.36722,32.245026,30.20359,27.183994,25.796322,24.715275,23.029251,23.480381,21.83255,24.835125,23.585728,19.865978,19.463139,13.065178,0.0,0.0,0.0,0.0,9.55941,14.0709915
-49.311417,-47.532303,-49.340164,-62.920334,-23.64645,-2.7715683,4.2180023,4.091652,3.9897118,7.1131,8.341173,6.410919,4.820671,5.8676376,8.017494,8.603823,10.582246,14.319338,15.185151,16.968256,22.730827,17.19373,11.786598,10.678118,16.202618,22.322859,21.26127,13.24015,11.685791,10.308811,10.270008,11.21788,14.738701,19.31742,20.863594,21.84002,26.99619,26.36827,20.046638,26.988472,29.179707,22.089642,15.473457,21.294828,37.04377,47.007263,47.013237,45.575893,44.830288,42.869965,42.336327,42.005005,40.299408,39.31905,38.962723,36.93718,36.4346,36.869274,33.9141,32.030777,30.569942,30.295975,32.279526,31.18161,26.902382,25.636753,26.114902,23.915333,22.882412,22.76944,21.510117,21.373325,19.223255,17.634033,17.92794,10.975174,0.0,0.0,0.0,0.0,9.115608,13.599686
-49.307777,-49.308113,-52.93158,-65.83093,-30.799953,-8.788889,-3.5814953,-4.807667,-5.486266,-3.055212,2.8930035,6.9806976,7.1931458,6.5820465,7.411051,7.679863,6.625066,8.291445,12.910492,12.562372,12.248894,11.578184,10.934603,11.590643,14.66166,21.270407,19.419758,11.058304,10.677822,8.379169,6.356632,5.324625,7.121191,12.793739,15.424282,21.254822,28.060616,24.629673,10.667259,22.582005,27.043285,22.016989,14.188055,16.091,29.18005,44.209026,44.087914,42.489426,42.589615,41.243927,40.696487,40.860237,40.479362,36.58717,35.38968,33.892204,33.9595,32.997444,32.41857,30.527996,28.032566,26.298252,25.050457,25.229267,25.8222,24.358734,23.819374,21.253529,19.312244,20.949577,19.429554,16.716656,15.493469,15.494461,14.071915,4.6178436,0.0,0.0,0.0,0.0,8.280281,12.742371
-52.899418,-53.66108,-56.89029,-67.85523,-33.712044,-11.233266,-3.4532108,-3.4943094,-7.931444,-5.9220448,-0.9428816,1.8925104,3.234003,1.3996525,0.60977554,4.6322594,9.231708,10.03695,12.357244,13.55271,13.548138,10.808418,9.389748,11.441395,16.556637,20.588385,17.97838,13.229609,9.593227,8.184185,8.968361,8.182428,8.590609,12.568121,14.524654,18.600435,24.759712,22.476248,10.156748,21.31991,26.807497,21.800777,11.970318,11.8155365,24.730736,41.868465,40.45216,39.092533,39.530952,38.830093,37.34325,37.234413,36.479042,35.714294,34.54657,32.31347,29.050053,27.252483,28.182945,29.211433,28.116604,26.365265,24.788284,23.248627,21.606007,19.912724,19.500156,18.048431,16.214024,14.912384,14.290222,14.196022,13.288086,10.942146,8.11438,0.15066528,0.0,0.0,0.0,0.0,7.537483,12.038887
-56.693783,-57.510056,-58.82918,-66.15723,-33.57709,-12.55142,-4.02026,-2.120614,-3.4055796,-2.8553267,-0.16739273,-1.095995,1.3098583,6.456794,5.803114,9.580435,15.261072,10.389729,6.962372,12.093285,14.097471,8.939412,7.997854,11.006487,17.115795,17.332052,12.271239,7.232321,6.971987,8.825115,14.17342,9.6476555,9.079748,11.67972,11.696102,18.59429,23.159578,20.220955,5.7742233,13.299551,23.342842,22.374544,11.709871,14.097,27.38176,42.889145,41.961006,39.79487,37.868507,36.192474,35.538357,34.46745,33.667686,33.266792,32.021374,28.041592,25.272484,25.795227,25.60123,25.37759,23.250004,21.336845,22.06836,20.99239,18.635548,19.856823,16.145916,13.819931,16.493805,15.56218,12.293549,11.611015,9.819626,8.35936,5.6851807,0.0,0.0,0.0,0.0,0.0,6.9082336,11.382019
-47.493946,-47.324715,-48.72619,-57.824722,-27.063519,0.646368,10.113411,10.124981,8.528883,7.496874,10.860474,12.017722,13.969488,12.4418,9.22909,12.128641,14.187059,16.147013,13.271257,17.437817,22.971361,21.520748,18.847878,17.213121,24.384136,29.15636,26.242765,20.51903,18.813145,19.311485,16.864182,18.249142,20.48146,20.281826,21.205107,28.469723,32.876278,29.376999,14.675755,19.289162,26.461222,26.412159,18.951084,18.490643,31.599361,40.67417,40.04534,38.496544,37.159397,35.74456,34.309124,33.214104,31.973557,29.43731,28.213032,25.688,23.62172,25.879807,25.675816,23.32785,20.623844,20.014256,20.484257,18.061077,17.921207,17.162914,13.7862625,12.679337,14.332069,13.579269,10.92038,8.975937,5.1342926,3.1047058,1.9603577,0.0,0.0,0.0,0.0,0.0,6.11203,10.614769
-54.905113,-55.18732,-55.450745,-66.60713,-34.520607,-9.984638,-3.4053373,-2.5164375,-4.957697,-5.069067,-0.012886047,3.5445137,6.0939894,5.1881237,3.0817814,7.3728237,8.343853,5.4398766,5.754511,9.541271,12.3965845,7.700758,5.53413,8.210789,13.303635,14.838961,11.502678,7.6380043,7.2958603,9.286911,9.471283,10.520369,8.698336,11.884495,13.997459,19.091267,24.035397,20.939896,4.597519,13.414532,17.985273,17.666197,12.841818,10.808395,22.785896,40.683826,38.26778,34.983223,34.067417,34.06149,32.89942,31.746742,29.568565,27.44077,28.036186,26.437382,23.228127,23.492168,23.82251,21.141403,20.806103,19.745464,19.05447,17.694637,16.931755,16.884205,15.29557,11.50856,11.554382,10.9800415,7.576706,2.6658783,2.924469,1.9913177,0.66851807,0.0,0.0,0.0,0.0,0.0,5.5151215,10.00766
-59.463264,-63.075386,-64.52049,-68.45176,-31.673618,-13.120399,-6.415862,-5.3135433,-5.7731857,-4.668989,1.5532484,5.943081,9.509754,8.995138,9.05425,11.932307,10.5582905,3.931898,3.3990479,6.849039,7.8504257,5.8497276,4.90069,4.363678,9.877037,16.453133,14.344717,8.145849,6.748253,7.423443,5.3518524,6.2233467,3.791256,7.6124725,13.209856,16.999912,22.104628,19.222828,3.799034,10.91642,14.930929,13.348949,7.421074,5.733242,17.626236,37.06172,34.917,33.241364,33.485374,33.132095,31.919159,28.580414,27.733654,25.222065,24.812004,23.99525,21.633675,19.135662,18.153316,17.772724,19.981396,19.367527,17.89824,14.91153,14.815033,14.402992,13.09491,10.8533325,8.605431,8.753738,5.8964386,0.0,0.0,0.1552124,0.0,0.0,0.0,0.0,0.0,0.0,5.194824,9.62809
-54.365295,-59.66028,-62.90616,-67.9781,-31.813232,-7.095502,-3.411416,-5.134184,-4.3109436,-2.0351067,2.6321888,4.4290123,4.953293,5.5320244,5.919876,9.20921,9.946213,7.225916,7.658396,11.566969,10.5219345,6.391819,6.844496,6.352047,10.412027,15.901204,13.03702,7.513647,9.49472,9.053835,4.8954372,5.7940903,9.379604,12.493748,16.773348,22.737701,31.920315,29.222206,7.2541885,10.059029,22.279438,21.483818,11.130112,7.5121346,20.59716,35.52073,32.86452,32.095486,31.094837,31.946022,29.856247,26.575153,25.295628,22.49273,20.636322,17.385643,17.46743,18.429966,16.134296,14.147797,14.994644,15.850555,15.0399475,10.982613,9.803436,9.801117,8.549255,7.4025726,5.5245514,2.5273438,0.8822174,0.0,0.0,0.0,0.0,0.0,0.0,0.0,0.0,0.0,4.304016,8.782013
-55.242973,-60.716316,-63.702923,-68.54262,-32.20365,-6.770237,-2.277563,-3.9695845,-4.324747,-3.043066,3.1451874,4.1395416,2.2260227,1.327177,0.4048214,4.3947887,5.6433563,5.427387,6.7307453,10.036838,12.530806,5.9795284,2.3860703,5.1856365,11.869144,16.829313,12.992177,5.757374,6.437832,5.6719913,1.5768356,2.394043,9.1775055,12.28401,12.755844,18.824955,26.153547,21.894094,2.005806,11.283443,21.459955,19.53136,8.81992,6.218956,15.353661,32.16442,30.246933,28.61665,28.420734,27.746521,24.905582,22.216908,22.185314,21.634617,19.70279,17.855637,15.906441,14.913483,14.978775,14.998009,13.002846,13.43335,11.8909,7.572563,6.3866653,4.6374054,4.3373413,1.5428772,1.6490021,1.1983795,0.085357666,0.0,0.0,0.0,0.0,0.0,0.0,0.0,0.0,0.0,3.588211,8.066742
-55.160774,-59.51161,-58.64351,-63.273598,-31.7007,-8.595503,-2.089655,-1.6001816,-3.2419128,-1.8416748,3.5602188,3.0176373,7.060235,4.4504604,2.4246387,6.2682247,4.6593075,3.8589573,6.145487,12.622995,13.240395,6.850054,4.4212456,6.0451202,15.6650505,21.387812,17.433918,8.88427,5.1754513,2.0400238,-1.5951462,-1.299633,7.431988,12.109676,16.292912,22.30529,27.490147,20.910753,2.2829247,13.298197,18.90281,17.870916,11.782869,7.127144,10.738987,30.58017,29.406708,27.641651,25.345062,24.094852,23.03181,20.705837,19.596287,17.55508,15.340881,14.523727,12.380692,9.972961,9.994438,11.878532,11.108902,9.940933,7.2351,2.0224304,0.034225464,0.0,0.0,0.0,0.0,0.0,0.0,0.0,0.0,0.0,0.0,0.0,0.0,0.0,0.0,0.0,2.965561,7.436035
-53.181534,-58.731075,-61.26668,-67.051445,-39.574715,-13.168128,-3.0403996,-1.5105,-1.6574421,0.3416977,6.0475807,8.044199,7.9397335,4.063181,4.1347523,7.66296,5.7754707,4.2801895,4.1465683,10.7744255,13.341547,6.4980145,2.3941765,2.86977,12.19281,17.469824,14.384085,7.7050056,0.710762,-2.0019226,-3.8237877,-4.12965,2.956688,8.224974,13.767328,23.430513,26.752537,20.452711,2.1168213,14.838865,22.08077,22.75364,15.784782,9.253136,12.092018,24.810608,23.657806,22.535881,20.413692,18.774708,17.32188,15.600479,14.416336,13.308762,11.734131,9.259323,8.160477,7.436249,3.916397,2.2168045,2.8820114,1.891159,0.0,0.0,0.0,0.0,0.0,0.0,0.0,0.0,0.0,0.0,0.0,0.0,0.0,0.0,0.0,0.0,0.0,0.0,2.2290192,6.6549225
-52.494797,-57.703228,-59.718914,-64.401764,-31.642828,-7.140339,0.9155903,0.47776604,0.116760254,2.074667,3.2051163,5.307472,5.4919395,4.4575653,3.8917694,5.3520164,5.769537,4.7978153,6.3258133,13.220278,14.39307,7.489683,3.5152817,7.145565,17.418314,18.268667,14.544088,8.106539,2.775154,-0.15704727,-0.579422,-1.1434937,5.1761436,12.36018,18.483994,22.066614,28.553185,24.40782,5.029667,16.180931,24.135508,24.322693,16.487663,11.77314,12.631241,20.564014,19.748707,20.476944,17.60936,14.736435,12.450119,10.174477,8.641525,7.1929398,5.867714,4.7165146,3.5756226,2.7867203,1.5159149,0.0,0.0,0.0,0.0,0.0,0.0,0.0,0.0,0.0,0.0,0.0,0.0,0.0,0.0,0.0,0.0,0.0,0.0,0.0,0.0,0.0,1.6692505,6.111267
-49.3629,-57.232212,-60.28897,-62.975773,-29.294247,-6.158968,2.007372,1.9888363,2.587759,3.791769,5.181141,6.636757,5.9458847,5.6812153,4.695566,7.355797,10.830641,9.956902,6.6176033,13.807331,17.288519,9.954973,2.5893726,7.241932,17.481016,22.309402,21.057549,12.025606,6.6621284,-0.084228516,-3.3851433,-2.357563,5.8865623,12.797071,18.448456,23.473244,29.678707,26.730534,8.134319,21.207333,30.518017,30.433977,17.848248,9.882816,11.546253,18.326805,16.61359,14.239075,12.41967,11.742722,10.411346,9.080948,7.058075,3.5884247,2.833168,1.8957443,0.74167633,0.0,0.0,0.0,0.0,0.0,0.0,0.0,0.0,0.0,0.0,0.0,0.0,0.0,0.0,0.0,0.0,0.0,0.0,0.0,0.0,0.0,0.0,0.0,1.3949432,5.7676544
-50.17932,-56.95544,-58.09086,-60.056435,-29.504093,-7.157589,0.47219086,4.88151,7.2884655,6.5758343,8.840853,9.864649,7.2084026,6.446087,8.952597,12.282986,12.087027,7.155609,6.633974,14.214436,16.668978,11.216423,3.9700165,8.516998,19.001371,24.146706,24.693764,15.260422,6.895115,1.0603752,-3.7031174,-4.409672,1.1370468,11.2799015,20.704918,25.583994,28.814209,24.991728,9.004017,23.845406,28.217669,26.538433,18.12053,12.035538,11.098736,13.847427,11.718872,11.353302,10.659195,9.636215,8.03727,5.224579,3.1086655,1.0748367,0.71391296,0.0,0.0,0.0,0.0,0.0,0.0,0.0,0.0,0.0,0.0,0.0,0.0,0.0,0.0,0.0,0.0,0.0,0.0,0.0,0.0,0.0,0.0,0.0,0.0,0.0,0.72901917,5.139328
-50.40314,-56.279667,-57.13438,-60.59507,-32.274464,-9.985853,-0.79227257,3.0773773,3.5040264,2.4678593,5.1075478,6.997654,5.2910805,3.9582348,4.599262,9.372904,7.2923355,3.2046108,5.445116,11.079227,12.957087,8.002111,-0.07445526,7.569275,20.441343,22.123302,19.133707,10.521357,3.385891,-2.6503754,-8.203194,-8.168797,0.97998047,14.648735,22.73727,24.47018,27.87248,24.341837,5.7170105,17.92459,26.89208,27.04669,16.964619,12.019516,14.63702,11.531158,8.464279,7.417053,6.380989,3.9121094,3.985199,2.3692627,1.4792786,0.363739,1.4148407,0.78738403,0.0,0.0,0.0,0.0,0.0,0.0,0.0,0.0,0.0,0.0,0.0,0.0,0.0,0.0,0.0,0.0,0.0,0.0,0.0,0.0,0.0,0.0,0.0,0.0,0.30356598,4.695526
-51.377262,-59.798134,-60.94908,-62.647503,-32.73539,-9.599087,-3.7041016,-1.6342888,-0.38758278,0.9636898,1.6005707,1.0346375,2.033762,4.35816,1.8694363,2.2147312,3.4103928,-1.1617241,1.638094,10.181988,11.74246,5.7979813,-1.0842934,4.8307095,17.74586,22.145195,19.88605,10.468946,2.847374,-3.0943565,-8.822823,-8.02998,3.8069038,14.683537,19.256855,21.307732,28.10076,25.770779,4.125969,10.960072,20.2831,21.221222,13.930511,9.439819,10.778675,10.520271,7.587517,6.5139008,4.5453186,2.983017,2.6023102,1.8108368,1.2043152,0.0,0.10748291,0.84711456,0.0,0.0,0.0,0.0,0.0,0.0,0.0,0.0,0.0,0.0,0.0,0.0,0.0,0.0,0.0,0.0,0.0,0.0,0.0,0.0,0.0,0.0,0.0,0.0,0.0,3.7283936
-50.66907,-58.330093,-60.717083,-63.240112,-31.313946,-8.613924,-1.7233143,0.74617577,0.24368858,0.7350521,3.4877167,2.6330814,3.986868,3.8560352,1.6551094,2.4894638,2.2497406,-0.43831253,-0.8055248,6.5558357,10.529932,6.7638626,-0.059192657,3.2294865,17.870342,24.468475,23.640467,16.017239,6.233429,-1.6183739,-11.66032,-5.2877083,9.3105545,17.211008,21.106762,24.16509,30.531275,28.866205,7.1501274,14.155342,23.134628,22.833899,15.736378,9.7608185,10.31694,8.96254,5.518524,4.368576,3.5514069,2.7186737,1.650795,1.0699158,1.3227844,0.0,0.0,0.22796631,0.0,0.0,0.0,0.0,0.0,0.0,0.0,0.0,0.0,0.0,0.0,0.0,0.0,0.0,0.0,0.0,0.0,0.0,0.0,0.0,0.0,0.0,0.0,0.0,0.0,3.092163
-47.44506,-56.995705,-60.25363,-61.90246,-34.477512,-11.183464,-2.8069916,0.093242645,1.2848225,1.9683495,2.2363777,2.2926235,0.9094448,-0.6026058,-2.0423717,0.35054207,0.2490654,-0.33701324,0.7046013,9.060287,13.356447,7.510277,-2.5287437,4.350704,16.801493,22.18954,22.370438,16.194595,7.618553,-3.2729988,-14.123756,0.7855377,17.650946,21.374317,22.613647,22.703245,28.408422,25.608152,6.0725937,12.676373,23.588963,23.669817,15.822533,9.76162,9.275734,8.014618,5.113205,3.743843,2.1548004,1.3065567,0.66560364,0.29927063,0.296463,0.0,0.0,0.0,0.0,0.0,0.0,0.0,0.0,0.0,0.0,0.0,0.0,0.0,0.0,0.0,0.0,0.0,0.0,0.0,0.0,0.0,0.0,0.0,0.0,0.0,0.0,0.0,0.0,2.6554794
-44.96413,-53.454643,-56.798756,-56.18662,-29.019325,-6.3725605,-0.014541626,0.6484375,2.210865,2.5888863,4.359787,5.3825493,2.627346,0.006849289,-1.362627,3.1776505,3.0256004,1.3671684,1.487999,11.988989,18.652987,11.46678,-1.0122681,4.093048,15.831097,23.01086,22.46453,15.534191,7.0001144,-3.99255,-14.571899,-0.8284836,15.898106,18.05328,17.43509,22.905846,30.796171,28.329042,6.552593,15.252476,24.959766,24.534765,15.8115425,9.702202,9.316959,3.7187958,2.8423767,2.8355103,1.599266,0.1381607,0.0,0.0,0.0,0.0,0.0,0.0,0.0,0.0,0.0,0.0,0.0,0.0,0.0,0.0,0.0,0.0,0.0,0.0,0.0,0.0,0.0,0.0,0.0,0.0,0.0,0.0,0.0,0.0,0.0,0.0,0.0,0.84213257
