MelBin_1,MelBin_2,MelBin_3,MelBin_4,MelBin_5,MelBin_6,MelBin_7,MelBin_8,MelBin_9,MelBin_10,MelBin_11,MelBin_12,MelBin_13,MelBin_14,MelBin_15,MelBin_16,MelBin_17,MelBin_18,MelBin_19,MelBin_20,MelBin_21,MelBin_22,MelBin_23,MelBin_24,MelBin_25,MelBin_26,MelBin_27,MelBin_28,MelBin_29,MelBin_30,MelBin_31,MelBin_32,MelBin_33,MelBin_34,MelBin_35,MelBin_36,MelBin_37,MelBin_38,MelBin_39,MelBin_40,MelBin_41,MelBin_42,MelBin_43,MelBin_44,MelBin_45,MelBin_46,MelBin_47,MelBin_48,MelBin_49,MelBin_50,MelBin_51,MelBin_52,MelBin_53,MelBin_54,MelBin_55,MelBin_56,MelBin_57,MelBin_58,MelBin_59,MelBin_60,MelBin_61,MelBin_62,MelBin_63,MelBin_64,MelBin_65,MelBin_66,MelBin_67,MelBin_68,MelBin_69,MelBin_70,MelBin_71,MelBin_72,MelBin_73,MelBin_74,MelBin_75,MelBin_76,MelBin_77,MelBin_78,MelBin_79,MelBin_80,MelBin_81,MelBin_82,MelBin_83,MelBin_84,MelBin_85,MelBin_86,MelBin_87,MelBin_88,MelBin_89,MelBin_90,MelBin_91,MelBin_92,MelBin_93,MelBin_94,MelBin_95,MelBin_96,MelBin_97,MelBin_98,MelBin_99,MelBin_100,MelBin_101,MelBin_102,MelBin_103,MelBin_104,MelBin_105,MelBin_106,MelBin_107,MelBin_108,MelBin_109,MelBin_110,MelBin_111,MelBin_112,MelBin_113,MelBin_114,MelBin_115,MelBin_116,MelBin_117,MelBin_118,MelBin_119,MelBin_120,MelBin_121,MelBin_122,MelBin_123,MelBin_124,MelBin_125,MelBin_126,MelBin_127,MelBin_128
0.11788925,0.10730643,0.06258296,0.020810394,0.0051083737,0.0018188978,0.00066645985,0.00033200794,0.000254666,0.00024093274,0.00023561591,0.0001980469,0.0005067976,0.0010762598,0.0014065657,0.0010284849,0.00054578646,0.00028761773,0.0007694769,0.001541374,0.0022851345,0.0019956236,0.00141303,0.0007449324,0.0004095789,0.00018019511,6.3836786e-05,0.00016703054,0.00021743162,0.0001380727,0.00016901547,0.00018815324,0.0001436855,3.779114e-05,8.861405e-05,0.0001440918,0.00013508259,0.000105961466,8.5757616e-05,8.499419e-05,9.793216e-05,0.000117717165,0.00012662537,0.0001366139,0.00014732216,9.0339185e-05,3.230732e-05,1.1340106e-05,4.7486683e-05,9.526375e-05,0.00017748453,0.00024586648,0.0001954743,0.00010095947,7.4262214e-05,0.00030070153,0.0007204401,0.00064710923,0.00022755328,4.316907e-05,6.437544e-06,9.427762e-06,2.1237816e-05,2.557602e-05,2.7810975e-05,7.300698e-05,6.614137e-05,4.9507224e-05,0.00017222909,0.00030651566,0.00035159138,0.00014795139,0.00012484241,7.876848e-05,2.4980853e-05,4.682807e-05,3.3948734e-05,3.0208594e-05,6.91854e-05,1.7462786e-05,4.6398563e-06,6.200472e-06,1.6711729e-05,2.8484088e-05,9.7987195e-06,3.987012e-06,1.2839036e-05,9.932711e-06,3.3278363e-06,8.288667e-06,8.594319e-06,4.7163226e-06,3.1251147e-06,2.9260434e-06,2.593878e-06,2.9556443e-06,3.680127e-06,4.0010273e-06,2.9696728e-06,2.8008844e-06,2.787959e-06,2.6721104e-06,2.9283392e-06,2.9634193e-06,3.623262e-06,3.267656e-06,3.0603844e-06,3.009201e-06,2.8265183e-06,2.9119738e-06,3.0620565e-06,2.9890123e-06,2.938272e-06,3.381677e-06,3.1633092e-06,2.7833198e-06,1.7347613e-06,3.0182302e-06,2.203542e-06,1.5975791e-06,9.1078385e-07,1.1211466e-06,8.491235e-07,9.965761e-07,1.056589e-06,8.981416e-07,3.35902e-07,1.1284762e-08
17.229822,28.60035,4.2827926,0.31005174,0.15173195,0.045202527,0.011431347,0.008323915,0.0077723768,0.006229496,0.0045505874,0.004996184,0.027977081,0.22497398,0.1081383,0.07343412,0.057014693,0.011805691,0.07840904,0.05741967,0.16578358,0.13393828,0.038729705,0.03793915,0.015274827,0.036559425,0.039497998,0.027201131,0.05560289,0.011976874,0.017272752,0.021986963,0.008110903,0.0024302234,0.00402887,0.0063289823,0.010394384,0.004776724,0.0049760984,0.002550748,0.0034623258,0.0057772878,0.004709603,0.0027251458,0.0071850438,0.004533716,0.0049610436,0.005842207,0.0034632822,0.0032061022,0.008655919,0.031236649,0.043715093,0.021940649,0.027187347,0.033651512,0.19459242,0.12947264,0.02379671,0.01682304,0.010349218,0.0049028923,0.0057368986,0.0048589176,0.0025537668,0.007147873,0.003957498,0.0052608275,0.021483287,0.039266333,0.036914892,0.011782757,0.0056470474,0.00579989,0.008521926,0.0050626365,0.0023114956,0.0025630693,0.0062827733,0.002569357,0.00038236254,0.00044957452,0.0007160396,0.0021053446,0.00070267497,0.00046744873,0.0006507419,0.0006575176,0.00033791136,0.0003785923,0.00031492912,0.00041292195,0.00018839982,7.984086e-05,6.153994e-05,8.711619e-05,0.00011106631,8.527215e-05,8.1959166e-05,7.128464e-05,6.257584e-05,6.158738e-05,7.688184e-05,7.01957e-05,8.643699e-05,8.114661e-05,7.100345e-05,5.8798723e-05,6.304899e-05,7.166939e-05,6.394904e-05,6.611147e-05,7.012518e-05,7.131712e-05,7.40653e-05,6.0777096e-05,3.8256607e-05,5.6792618e-05,5.0638428e-05,3.1852396e-05,2.120642e-05,2.1090162e-05,1.7295883e-05,2.2623819e-05,2.2864799e-05,2.0997853e-05,7.646e-06,2.5327864e-07
97.28321,116.24166,7.512715,0.39347303,0.20703933,0.11090529,0.053492073,0.037687268,0.048133552,0.036531195,0.020284204,0.036986157,0.16451627,1.3472465,1.2183855,0.8452465,0.58419204,0.38029495,0.97312987,1.2673033,0.8775876,0.58897364,0.3151427,0.13019384,0.09133411,0.16712393,0.2548744,0.2894159,0.22562723,0.043567304,0.053716354,0.065942556,0.028944539,0.06068039,0.022339754,0.020883922,0.02755871,0.0908662,0.08518241,0.06762109,0.029461458,0.01528666,0.0076056668,0.011044297,0.022673998,0.025071442,0.016827265,0.023926772,0.017995484,0.018430475,0.058094703,0.07513216,0.2823014,0.20603752,0.22897771,0.28136083,0.87359166,0.37024403,0.20069852,0.19055144,0.10075144,0.044963613,0.024946209,0.02715287,0.031454615,0.046079554,0.06071471,0.046687342,0.098526075,0.45801723,0.4261589,0.07405563,0.025597325,0.047000483,0.06935192,0.058238555,0.060231883,0.041673966,0.03229348,0.014980133,0.0055324454,0.003046332,0.005691918,0.022585746,0.0091972295,0.005283006,0.003112876,0.0047326665,0.0036640556,0.001980962,0.0025290076,0.0022078108,0.0007363888,0.00012549017,9.240545e-05,0.00035342446,0.0004753968,0.00015084511,0.00019608537,9.683486e-05,8.948769e-05,9.5253265e-05,9.0788104e-05,7.907799e-05,8.039873e-05,7.3606774e-05,6.330005e-05,5.0492992e-05,5.8686997e-05,6.73113e-05,5.6453464e-05,6.260793e-05,6.327436e-05,6.2767554e-05,7.156498e-05,5.5621258e-05,3.3777345e-05,4.7716665e-05,4.5869056e-05,3.0079467e-05,2.5412566e-05,2.032936e-05,1.554561e-05,2.060432e-05,1.984908e-05,1.8933166e-05,7.03038e-06,2.2504456e-07
238.46774,213.08978,15.655504,1.5474774,0.784987,0.4222312,0.18155327,0.115520835,0.11182844,0.051791783,0.057710044,0.6709784,2.0232258,2.3817067,7.659837,2.409978,1.3071336,1.644521,2.1251998,3.5281155,7.779056,4.8824162,2.0531445,0.53461057,1.1520857,0.8657123,2.0844038,1.1922423,0.34785014,0.056198448,0.15092382,0.19055139,0.16780004,0.39098215,0.13800402,0.1175477,0.1081468,0.17854448,0.30372858,0.15306775,0.11365043,0.04236611,0.009143022,0.030475788,0.10141126,0.042371124,0.1107834,0.04121104,0.07776464,0.05030183,0.2406016,0.26642632,0.3731386,0.9276131,1.1641592,3.1108825,3.1255708,0.7615454,0.38100785,0.5028472,0.16049299,0.11925416,0.045937754,0.053519614,0.20235935,0.17086758,0.22216177,0.11215172,0.20290889,0.51673156,0.8663692,0.3842394,0.18161815,0.24637769,0.122388616,0.19242893,0.4089919,0.21467194,0.08870449,0.05062235,0.021003755,0.007710233,0.024758305,0.08566575,0.029174563,0.009872907,0.015387373,0.016882557,0.017092844,0.006567827,0.0116663575,0.010820698,0.0019056047,0.0002533303,0.00015595058,0.00095219526,0.0011768752,0.00065882417,0.0005365401,0.00015533493,0.00015030125,0.0001616817,0.000118501775,9.768084e-05,2.3839446e-05,6.6959924e-06,6.7204137e-06,1.1543888e-05,2.0115876e-05,1.7922348e-05,1.6207428e-05,3.430531e-05,1.9592153e-05,2.2336953e-05,3.837818e-05,2.0690926e-05,3.150416e-06,3.4488344e-06,8.644514e-06,1.3101457e-05,4.0401817e-05,2.6882492e-05,4.5038805e-06,2.9562614e-06,1.96593e-06,2.1551502e-06,1.4381445e-06,4.860222e-08
1370.77,1122.9099,145.46046,7.154677,7.4275913,3.2558448,0.34929186,0.36621693,0.39715084,0.06997043,0.2834907,5.0769095,15.726886,17.071342,9.509074,2.4446316,4.227645,4.6986613,2.0175536,4.4404125,17.44636,11.351954,5.8072004,1.1267439,1.7637405,1.6500406,5.759483,5.184417,1.3818829,0.5717435,0.7658728,0.39767516,0.30431336,1.054593,0.272939,0.11862948,0.17985666,0.18870115,0.84098095,0.38999608,0.30386895,0.16745508,0.015535784,0.029527048,0.20815936,0.110666625,0.4777382,0.17584457,0.08708521,0.05548745,0.44655254,0.55730605,0.5978426,3.7769792,5.255559,3.7710521,3.4410307,2.2279232,0.94174623,0.9391936,0.8597746,0.45464084,0.46086344,0.15319557,0.5910898,0.21741629,0.2575691,0.38303214,1.0026529,1.239274,1.7999452,0.80908906,0.24717051,0.26541892,0.2478119,0.54861337,0.6205031,0.6294685,0.21575421,0.2627546,0.07955825,0.023078758,0.05063602,0.19623844,0.08690254,0.04165521,0.04693045,0.05062187,0.048437092,0.035766184,0.024766725,0.015720988,0.007200627,0.0010939167,0.0011844143,0.0020272515,0.0038634306,0.0018701617,0.0013789859,0.0003626144,0.00023236473,0.0005118563,0.0003831535,0.00038066533,4.709072e-05,4.745905e-06,8.844681e-06,6.2896497e-06,2.630173e-05,6.749617e-05,4.5848275e-05,7.294257e-05,3.428527e-05,4.37716e-05,6.194869e-05,3.3310607e-05,4.0768923e-06,6.90043e-06,1.2059153e-05,2.372286e-05,6.295793e-05,6.0146904e-05,7.82234e-06,3.1103814e-06,2.4932826e-06,2.8166612e-06,2.6542332e-06,1.0406416e-07
1570.3887,658.6943,226.17654,15.551372,6.3366356,5.4837418,1.9308455,1.0400071,0.67228055,0.28212017,0.51102763,6.407061,21.984419,34.724068,13.931754,3.1598873,13.008491,7.550617,1.9750824,14.050001,32.22158,7.6183276,3.9111018,3.2066808,2.2527797,3.0373206,4.1012106,5.0523033,1.5285323,2.1419582,2.2026443,0.48491776,0.30140302,1.2053859,0.27259648,0.12089407,0.3507002,0.45013815,1.6066918,0.7005725,0.3736768,0.16142522,0.0721671,0.06705635,0.1616576,0.2941252,0.5157934,0.30025628,0.09352257,0.1295094,0.46716663,0.78897965,0.86393,3.3345459,6.7189603,3.4182713,6.2873836,2.8486881,1.2078366,1.0487976,1.2671748,0.7803981,1.0537639,0.36513436,0.41966558,0.33407402,0.4697018,1.6273488,1.7228496,1.4446481,1.5934601,1.2584846,0.24184197,0.47585937,0.2702169,0.661418,0.3478856,0.94077206,0.43246922,0.23887041,0.09752888,0.018544342,0.03348449,0.26047453,0.22778794,0.068938985,0.06185374,0.07954073,0.06503004,0.08664481,0.051783707,0.009748484,0.0061125625,0.0026130816,0.002328621,0.0029223852,0.0044967267,0.0017909851,0.001164811,0.0006000777,0.00033420481,0.0005532864,0.00045878263,0.00045143464,6.1652696e-05,2.4516567e-06,4.836379e-06,9.868733e-07,3.2878783e-05,7.598443e-05,6.132357e-05,9.889088e-05,3.0279736e-05,4.6877445e-05,7.043095e-05,1.9583798e-05,3.4963437e-06,9.135971e-06,9.45653e-06,3.07608e-05,6.9946705e-05,6.1135026e-05,5.6655567e-06,2.573761e-06,1.6238089e-06,3.2587986e-06,2.7784472e-06,1.4061e-07
367.94073,232.59862,101.44419,9.84337,0.3689268,0.81238705,1.6858273,0.6349225,0.2716334,0.19581182,0.41089517,1.731397,2.7106767,6.4624586,4.770328,2.2484155,6.8002505,2.7474182,2.6190994,12.952117,11.438763,2.2305114,1.6284709,1.7870148,2.3020737,1.7602187,3.3379571,4.2149715,1.033896,0.7876727,0.7795214,0.15576325,0.24865824,0.2549998,0.065733574,0.054609362,0.15596907,0.14517246,0.36242017,0.1848769,0.05613472,0.06549166,0.06449597,0.037823565,0.07467758,0.17339385,0.32952484,0.1992269,0.050215434,0.10988152,0.41489622,0.51897615,0.69491607,1.2294357,4.5014205,2.4759262,5.7939425,1.382202,0.5055801,0.5140071,0.37134472,0.30367026,0.52632296,0.2680966,0.10497208,0.14327766,0.34803322,1.021954,1.0209999,0.78820807,0.9837832,1.1432726,0.37789306,0.58853024,0.18503861,0.24483636,0.15887666,0.25640565,0.25939912,0.04976219,0.030769804,0.012393292,0.018871523,0.16196606,0.09581205,0.022179922,0.025031246,0.04969229,0.059946615,0.086829014,0.05216106,0.0100206705,0.0038755266,0.0024445043,0.0019274428,0.0013538611,0.0012175862,0.0009816429,0.00047779994,0.00022326519,0.00018143053,0.00019900178,0.00018349222,0.00013098482,5.2594638e-05,9.209933e-06,1.6275444e-05,3.947099e-06,1.941186e-05,2.9372331e-05,2.2165386e-05,6.125706e-05,2.5926012e-05,2.541207e-05,3.7073478e-05,1.20693085e-05,4.8279585e-06,7.3235815e-06,4.371886e-06,1.3260691e-05,4.888983e-05,3.7189297e-05,4.3412924e-06,1.4554345e-06,9.1550504e-07,2.0064235e-06,1.1710098e-06,7.119378e-08
56.97464,134.90785,23.895626,2.5839233,0.39189497,0.08251202,0.2704742,0.046190716,0.07748505,0.053698614,0.2665194,1.0481402,0.3017129,0.3079273,0.86991096,0.55776715,0.66767734,1.0971773,0.847658,2.1803231,0.9188197,0.48738816,0.55966765,0.34488583,0.3571481,0.41119093,1.2788047,2.591901,0.71720695,0.088748164,0.04862717,0.062991716,0.0794169,0.048788726,0.036272403,0.01956478,0.010529461,0.018291567,0.04781861,0.016900836,0.024079964,0.021873323,0.015655847,0.020882372,0.03169491,0.029253488,0.13579436,0.05498207,0.03861147,0.14959359,0.37482253,0.39849693,0.5588073,0.7099487,1.0431492,0.81172544,1.5787647,0.76332575,0.1408506,0.12062059,0.18995911,0.10482775,0.17173375,0.07099553,0.05953608,0.020596456,0.108141914,0.09742914,0.3567222,0.42365223,0.31944877,0.24432844,0.097596474,0.12278436,0.073450126,0.113845445,0.1692157,0.11502153,0.068769835,0.022380805,0.008255629,0.008045103,0.015679501,0.05821798,0.021295723,0.010029134,0.007849353,0.010335006,0.031044364,0.043755855,0.012680457,0.008833239,0.0017797478,0.00057321537,0.0009608413,0.00025071052,0.00041501725,0.00033166533,0.0001870716,3.6121695e-05,5.0133247e-05,7.005209e-05,5.4053675e-05,3.556567e-05,3.3933662e-05,1.5486097e-05,1.1585408e-05,5.728011e-06,1.0466776e-05,1.4357125e-05,9.840528e-06,3.0054653e-05,1.8878167e-05,7.69327e-06,1.6390366e-05,1.0076861e-05,4.3914206e-06,4.2993092e-06,3.2537878e-06,6.5751e-06,2.0414054e-05,1.7020826e-05,2.6501828e-06,2.8364016e-06,1.823569e-06,1.4403196e-06,1.1439765e-06,4.9866948e-08
20.565922,36.25761,5.6556964,0.5215061,0.15518709,0.04305175,0.056214444,0.02276246,0.012089377,0.011108263,0.05031975,0.10966194,0.16270493,0.15857866,0.38352448,0.1283012,0.12636495,0.38106933,0.23655877,0.36509302,0.29774222,0.456032,0.34966797,0.099336565,0.083240405,0.09945208,0.09961872,0.47537324,0.54886746,0.076109216,0.036411636,0.016432941,0.014819075,0.018803257,0.029880652,0.008964022,0.008552506,0.0049908278,0.010851637,0.008208386,0.0146594765,0.009656096,0.011781159,0.017986512,0.0106837675,0.003079252,0.011882505,0.011087162,0.01775249,0.066382624,0.086112514,0.20101559,0.21437915,0.19776134,0.046883646,0.15939835,0.3597316,0.26602495,0.07247079,0.019832257,0.047922276,0.024175286,0.021792915,0.018707115,0.025304874,0.010907834,0.022170233,0.027386574,0.053870328,0.07703605,0.068725266,0.0118724285,0.008578549,0.010998394,0.022383615,0.024022805,0.03667802,0.05111044,0.029141206,0.007922639,0.0016747254,0.0010003865,0.0020512503,0.0052724616,0.0035200997,0.00438197,0.0025042747,0.0011800824,0.007675246,0.007902638,0.002373582,0.0017115084,0.0002341383,0.00019904423,0.00025468078,6.329416e-05,0.00015400676,0.00010401641,6.4005966e-05,4.1734078e-05,1.5886362e-05,1.17625395e-05,9.447598e-06,1.0656388e-05,1.0733736e-05,6.690298e-06,5.7049906e-06,4.593215e-06,3.6743004e-06,6.759886e-06,4.7359467e-06,8.898473e-06,6.4438595e-06,3.8363733e-06,8.437171e-06,5.9389176e-06,2.6020468e-06,2.4070414e-06,2.8317288e-06,3.176357e-06,6.4398114e-06,4.489217e-06,1.5063467e-06,2.319917e-06,1.9825943e-06,8.9181594e-07,6.4031866e-07,2.4586068e-08
1.7798494,1.9674282,0.32549414,0.1317765,0.020728253,0.0025366952,0.0013859591,0.0033339022,0.00092179154,0.0019570845,0.0018306563,0.009837702,0.040530197,0.034449507,0.022432668,0.004678825,0.00604191,0.013284762,0.020870913,0.007752935,0.013912909,0.066901945,0.05921202,0.017430834,0.0023747224,0.0035792885,0.010425086,0.022042818,0.04297085,0.026064655,0.0077785025,0.004406907,0.0005301155,0.0004994914,0.0018975437,0.0008898611,0.0011262726,0.002060523,0.0017923294,0.0013976244,0.0011825579,0.0020946506,0.0009964796,0.002216472,0.00070534175,0.00035916024,0.0008775029,0.0019276411,0.0007461644,0.0024744174,0.002633971,0.012865256,0.016698042,0.0064105424,0.008564692,0.004712942,0.031168032,0.04785923,0.019176478,0.0023772826,0.0026227147,0.0017540402,0.0023270356,0.0023634648,0.0026441736,0.0038035288,0.0026088061,0.0036783796,0.0035567873,0.016339038,0.016359907,0.0022122907,0.00056233874,0.0015401825,0.0027134581,0.0030621288,0.0020416428,0.004366845,0.0034473198,0.00046317524,5.8875004e-05,8.2559556e-05,0.000112546724,0.0003083147,0.00022197337,0.00035081958,0.00021679801,7.751737e-05,0.00039363297,0.00050252315,0.00022997257,2.8875927e-05,2.2464445e-05,3.2208554e-05,3.942954e-05,1.4554613e-05,1.8909504e-05,1.1467201e-05,4.9600635e-06,7.3688484e-06,1.8149822e-06,2.9309188e-06,3.6748247e-06,3.949836e-06,4.8064953e-06,2.89349e-06,2.5265379e-06,1.5255963e-06,4.7301307e-07,2.2980682e-06,1.6022229e-06,2.8267712e-06,3.0170418e-06,1.4853465e-06,2.6556204e-06,1.7908847e-06,1.8014324e-06,2.1016506e-06,9.4821354e-07,9.557388e-07,1.778301e-06,1.3259686e-06,8.6617507e-07,7.6164366e-07,8.210552e-07,6.1162365e-07,2.0960395e-07,6.0578067e-09
0.051557265,0.004071602,0.00091180264,0.00056054536,0.00040713846,6.093468e-05,3.583047e-05,3.3129916e-05,3.1507556e-05,4.547231e-05,2.3041523e-05,8.3493236e-05,0.00030580256,0.00028801826,3.3304175e-05,2.8206941e-05,4.009684e-05,1.2101304e-05,4.9956197e-06,2.11842e-05,5.8195623e-05,1.8884006e-05,7.1133995e-06,3.945441e-05,5.6933317e-05,6.523992e-05,0.00020445931,0.00031078674,0.0004261606,0.00037399188,0.00020226369,5.648436e-05,1.317149e-05,2.0685282e-05,2.9028106e-05,1.4973883e-05,9.770105e-06,1.6207181e-05,3.2609554e-05,3.263763e-05,1.9671914e-05,1.2573169e-05,7.4442746e-06,8.180635e-06,3.0956405e-06,4.1876356e-06,1.5137989e-05,1.6889044e-05,1.0286466e-05,9.984198e-06,2.1478838e-05,1.0768835e-05,5.1491515e-06,3.6048954e-05,0.0001317081,3.8439186e-05,3.9677918e-05,0.00010574417,0.00011725011,3.767656e-05,9.941656e-06,9.69388e-06,1.2495179e-05,1.57107e-05,3.3126584e-05,3.7392958e-05,1.0259967e-05,2.83098e-05,7.003907e-05,9.0773734e-05,5.668163e-05,3.4399836e-05,9.692421e-06,2.865211e-05,3.085604e-05,5.221713e-05,1.8851617e-05,4.461478e-05,1.5778489e-05,4.714473e-06,1.2254268e-06,7.447053e-07,3.2757678e-06,6.188442e-06,3.3525453e-06,2.5626766e-06,2.4006313e-06,1.4558873e-06,2.5670115e-06,3.2096689e-06,2.9844591e-06,3.6940025e-07,5.557651e-07,3.9497027e-07,5.0876065e-07,4.1140493e-07,6.168381e-07,6.009443e-07,9.96842e-07,6.845261e-07,4.2830433e-07,3.9908667e-07,4.4685726e-07,3.758255e-07,5.2420296e-07,8.454592e-07,4.5506886e-07,3.858733e-07,2.3160659e-07,3.4638194e-07,5.199099e-07,5.5835784e-07,5.8632145e-07,3.7156983e-07,5.206381e-07,5.458166e-07,7.049679e-07,5.859386e-07,3.8234188e-07,3.853594e-07,3.2599917e-07,6.0199915e-07,5.3147096e-07,1.8642916e-07,3.6661683e-07,2.7810424e-07,1.07971864e-07,8.622381e-09
0.024433957,8.148359e-06,5.175942e-06,2.0786986e-06,5.2037126e-06,1.6046756e-06,6.992735e-07,6.0625524e-07,1.7180179e-06,2.753295e-06,1.2522713e-06,9.668289e-07,5.748518e-07,1.3580359e-07,7.3796303e-07,2.1428914e-06,6.29961e-07,2.6574978e-07,5.510094e-07,1.2571603e-06,2.9337268e-06,6.539445e-07,7.373399e-07,3.6227576e-07,6.492652e-07,9.278147e-07,6.7519073e-07,8.38756e-07,2.2070638e-07,1.4652738e-06,2.4384208e-06,2.2946656e-06,6.175502e-07,5.229818e-07,1.7726049e-07,5.3016146e-07,9.1612844e-07,4.8978507e-07,5.333451e-07,2.5072603e-07,1.1243558e-06,4.2774973e-06,6.998637e-07,3.238687e-07,1.4681652e-07,3.9485946e-07,7.1839895e-07,3.200885e-07,1.9037456e-07,2.504362e-07,3.424119e-07,2.3756449e-07,5.029179e-07,2.4515492e-07,1.5714642e-07,1.0832932e-06,4.82147e-07,2.4048973e-07,1.2883463e-07,8.090521e-07,6.666916e-07,7.666667e-07,3.250946e-07,3.71721e-07,6.110404e-07,5.767928e-07,6.001645e-07,6.828518e-07,2.8357724e-07,9.699479e-07,9.734486e-07,4.3089167e-07,2.6380064e-07,3.3917982e-07,6.686335e-07,5.999607e-07,2.9680658e-07,1.4216431e-07,3.0490415e-07,6.7992863e-07,6.7952067e-07,3.88974e-07,3.4579912e-07,3.7008923e-07,4.0018068e-07,6.347777e-07,4.5948713e-07,6.83192e-07,2.9188254e-07,1.9669133e-07,2.602142e-07,4.0907344e-07,3.411356e-07,5.159289e-07,3.6241266e-07,5.725685e-07,8.2911674e-07,4.5268519e-07,9.885347e-07,4.9527574e-07,3.2924927e-07,3.3168087e-07,4.4500828e-07,3.1486638e-07,2.3925972e-07,4.6206068e-07,4.225711e-07,4.96366e-07,4.1635275e-07,3.9431288e-07,3.6375528e-07,3.1489486e-07,2.9065708e-07,2.437933e-07,2.247364e-07,5.118045e-07,2.0500404e-07,4.1930753e-07,3.9125405e-07,3.4863e-07,3.46499e-07,4.4371998e-07,2.9870787e-07,1.8555119e-07,3.5347227e-07,1.9610692e-07,1.2864437e-07,7.068966e-09
0.0119085405,1.1322733e-05,1.345639e-05,5.126545e-06,6.4333985e-06,3.6655977e-06,6.350845e-07,3.47593e-07,1.2700756e-06,2.2713084e-06,1.9720917e-06,9.9567e-07,6.108984e-07,3.9248943e-07,1.033767e-06,1.9830431e-06,6.985598e-07,2.675836e-07,3.5310876e-07,2.9582227e-06,2.4571798e-06,8.5994776e-07,9.937161e-07,5.601051e-07,6.267752e-07,6.3102414e-07,8.943292e-07,4.0024352e-07,4.9110736e-07,6.9026584e-07,1.1408708e-06,2.060202e-06,1.0691341e-06,2.734714e-07,1.6150084e-07,1.0281651e-06,8.991086e-07,2.0281215e-07,2.1257975e-07,1.2077937e-06,1.916513e-06,5.043241e-06,2.0671862e-06,1.2952374e-06,9.695817e-07,3.248123e-07,4.1119787e-07,7.790053e-07,2.0888672e-07,2.8574436e-07,3.7435652e-07,9.426556e-07,4.968059e-07,3.516882e-07,5.956473e-07,1.30846e-06,3.6643624e-07,9.913582e-08,1.4376951e-07,3.8679164e-07,3.550549e-07,1.9895383e-06,6.720356e-07,2.426981e-07,3.1248817e-07,5.6667847e-07,4.641646e-07,3.0314655e-07,2.0657744e-07,4.889753e-07,5.613759e-07,6.1560235e-07,6.664577e-07,5.3538645e-07,2.596483e-07,4.8566324e-07,5.198685e-07,3.0530418e-07,2.9230483e-07,8.0759844e-07,7.0483554e-07,2.4720453e-07,1.4912204e-07,2.0269178e-07,3.847576e-07,4.755274e-07,4.8092284e-07,5.0674475e-07,1.06487015e-07,1.709976e-07,3.3170116e-07,7.04295e-07,3.8186124e-07,6.417291e-07,5.488975e-07,6.694569e-07,8.0514246e-07,5.13805e-07,8.4915564e-07,5.291875e-07,4.788733e-07,5.8370426e-07,6.006153e-07,3.8338788e-07,2.7863928e-07,4.123046e-07,3.384758e-07,7.033383e-07,5.2360366e-07,3.5098415e-07,2.3905827e-07,2.1420455e-07,3.6170485e-07,3.920814e-07,2.5725925e-07,3.267655e-07,1.5039313e-07,4.7195144e-07,2.986162e-07,5.0838787e-07,2.7405264e-07,2.7225477e-07,3.361513e-07,1.699745e-07,1.4489153e-07,1.6800392e-07,1.2491526e-07,1.1771321e-08
0.0042076837,8.083548e-06,4.159808e-06,3.8964276e-06,2.0581374e-06,1.5192959e-06,5.8370097e-07,5.5472145e-07,1.9354077e-06,1.1646588e-06,1.2586299e-06,1.5726226e-06,1.2970808e-06,9.347003e-07,8.3366007e-07,1.6041995e-06,4.9728567e-07,3.0259247e-07,1.2602656e-07,1.979982e-06,1.1887272e-06,1.2630009e-06,7.7844703e-07,4.1480948e-07,2.9882855e-07,1.7360249e-07,4.7987265e-07,1.2758997e-07,2.9119235e-07,1.4466141e-07,6.009672e-07,1.1393766e-06,4.3979074e-07,1.9258067e-07,2.678394e-07,8.5566245e-07,1.382868e-06,2.3730317e-07,3.58058e-07,1.2225614e-06,2.5310758e-06,5.3606313e-06,1.9885047e-06,1.0241968e-06,8.981945e-07,2.1109692e-07,4.2584128e-07,5.13019e-07,2.6133642e-07,2.0046329e-07,2.2910253e-07,8.1517317e-07,8.3278115e-07,3.530332e-07,8.1668e-07,6.956805e-07,1.6217446e-07,1.1804274e-07,1.7542263e-07,3.3284843e-07,3.307617e-07,7.263021e-07,4.9949205e-07,2.0792392e-07,3.0719346e-07,6.732934e-07,3.4608917e-07,3.0686758e-07,3.1709016e-07,3.0892997e-07,7.341487e-07,1.1656581e-06,6.687366e-07,6.2601225e-07,2.9486273e-07,3.4371573e-07,6.812733e-07,4.9554626e-07,2.0957616e-07,4.0363648e-07,4.1037262e-07,3.7274958e-07,1.1802929e-07,1.8571757e-07,4.57565e-07,3.3789186e-07,2.0024723e-07,2.8834566e-07,1.5407971e-07,3.4351075e-07,3.4408538e-07,7.2521703e-07,2.1250293e-07,4.3171917e-07,5.4382025e-07,5.4664406e-07,6.2523935e-07,3.9272794e-07,5.290454e-07,3.584059e-07,3.7654075e-07,3.0420887e-07,3.11104e-07,2.3031342e-07,3.5444896e-07,4.3830715e-07,3.4287663e-07,3.387125e-07,5.366628e-07,2.3012821e-07,1.788615e-07,2.1697106e-07,3.1342756e-07,4.3697744e-07,2.9365373e-07,2.6023028e-07,2.0778731e-07,6.010727e-07,4.641033e-07,4.7649897e-07,1.5225483e-07,2.3978188e-07,4.1091403e-07,2.3150854e-07,1.8896729e-07,2.0204388e-07,8.515685e-08,1.2026565e-08
0.0010052125,4.240541e-06,4.3982217e-07,4.5806706e-07,8.9048376e-07,6.882855e-07,1.9123958e-07,4.3454577e-07,9.338163e-07,1.0848648e-06,1.2401391e-06,5.7622293e-07,6.111362e-07,4.4403004e-07,3.7734728e-07,5.708514e-07,4.2762093e-07,2.786695e-07,8.79742e-08,4.425087e-07,4.721552e-07,7.0744915e-07,2.878871e-07,2.0977649e-07,1.9632076e-07,3.0620146e-07,6.5561835e-07,1.8363609e-07,4.8928815e-08,5.8190405e-08,3.0049867e-07,6.896949e-07,2.2321123e-07,9.228993e-08,2.2395807e-07,4.555972e-07,2.938148e-07,1.7096475e-07,4.6909466e-07,5.8331375e-07,1.3921941e-06,1.3693867e-06,1.3994317e-07,5.3545243e-08,6.251058e-08,1.08871845e-07,1.7466894e-07,1.5578046e-07,5.335069e-07,4.1595698e-07,3.1650103e-07,2.1935783e-07,3.200608e-07,1.1596557e-07,2.1118126e-07,1.0431865e-07,6.599932e-08,1.3271422e-07,1.4986627e-07,9.242003e-08,8.225654e-08,1.0734707e-07,3.4234324e-07,2.3306421e-07,2.3330487e-07,6.723505e-07,3.1531775e-07,1.9526543e-07,1.790195e-07,2.7523458e-07,4.3517477e-07,5.396187e-07,3.1448798e-07,2.7790193e-07,2.5349414e-07,2.1375268e-07,3.146609e-07,2.6857708e-07,2.3340758e-07,2.211639e-07,2.3190353e-07,5.8893124e-07,1.7251858e-07,1.3862216e-07,2.4775616e-07,2.698379e-07,1.4342199e-07,4.1433557e-07,2.0628633e-07,2.4607016e-07,2.1114171e-07,2.3893986e-07,1.5800074e-07,1.58815e-07,1.9366195e-07,1.0717801e-07,3.3705203e-07,2.5107693e-07,3.412803e-07,2.3727983e-07,3.788006e-07,3.0805063e-07,2.7440916e-07,2.5393555e-07,3.6780136e-07,3.3656826e-07,3.9790118e-07,2.5987535e-07,3.7467672e-07,2.5303567e-07,2.410545e-07,1.7506282e-07,2.0671747e-07,2.4598887e-07,2.1486086e-07,3.7412855e-07,1.7914716e-07,4.2566882e-07,4.352718e-07,3.2084128e-07,1.1805014e-07,9.562341e-08,1.9757715e-07,3.422982e-07,2.4889246e-07,3.0269703e-07,7.798336e-08,6.0364e-09
0.0001148211,7.1310683e-07,1.8131362e-07,1.0808171e-07,4.0556762e-07,3.0206942e-07,2.3795462e-07,1.8144884e-07,2.9390125e-07,8.0747714e-07,9.595619e-07,4.668334e-07,1.384429e-07,1.4079956e-07,9.233697e-08,1.1553921e-07,2.490061e-07,1.4031956e-07,5.9134347e-08,6.6644645e-08,1.1053545e-07,1.9115888e-07,2.1458294e-07,8.386145e-08,7.421747e-08,1.4575946e-07,2.7952652e-07,2.4497407e-07,1.1457759e-07,1.349497e-07,9.871276e-08,2.3613391e-07,1.791957e-07,2.8853169e-08,4.099997e-08,1.4963217e-07,1.2233065e-07,2.9807575e-07,3.2993023e-07,1.4706534e-07,9.737767e-08,1.13540516e-07,3.2005403e-08,2.042019e-08,4.7747818e-08,6.068741e-08,1.2108482e-07,1.5889044e-07,2.960319e-07,2.789707e-07,1.6393436e-07,6.952097e-08,6.177169e-08,6.436646e-08,7.562938e-08,3.9853933e-08,6.033236e-08,9.318174e-08,8.183138e-08,1.8101855e-07,1.0431039e-07,7.8926796e-08,1.36516e-07,1.6328701e-07,2.0351737e-07,2.1834401e-07,1.823462e-07,1.6890074e-07,1.5664675e-07,2.6505128e-07,3.361409e-07,8.872649e-08,8.567146e-08,8.1998444e-08,1.6226373e-07,1.454373e-07,1.4561957e-07,1.0744285e-07,1.4796267e-07,9.586466e-08,9.756221e-08,2.058904e-07,1.2951499e-07,8.632709e-08,1.4740837e-07,1.8756664e-07,1.5041635e-07,1.8674308e-07,7.801845e-08,3.849026e-08,7.9605655e-08,1.3792243e-07,1.6661937e-07,1.2158897e-07,1.5850043e-07,9.4503164e-08,1.385226e-07,1.3122708e-07,1.7818923e-07,1.4622174e-07,1.5322051e-07,1.9110884e-07,1.22128e-07,1.11774455e-07,1.3585141e-07,1.5343073e-07,1.6079645e-07,1.4542253e-07,1.3915019e-07,1.5139386e-07,1.0905395e-07,1.1377601e-07,8.014433e-08,1.0557622e-07,7.7463454e-08,1.5933813e-07,9.351202e-08,1.6146438e-07,1.1736534e-07,1.2873004e-07,8.3316294e-08,6.043392e-08,1.0846781e-07,1.5257069e-07,1.2863144e-07,1.2674435e-07,3.9503398e-08,2.6150047e-09
0.00013298019,2.3580646e-06,4.5420092e-07,1.940173e-07,1.3904327e-06,3.5203973e-06,3.4404857e-06,8.684308e-07,4.437995e-07,2.4958517e-06,1.4586702e-06,6.2303366e-07,8.912884e-07,4.2667597e-07,1.8373377e-07,2.462377e-07,1.2470038e-07,7.2047817e-07,6.1273215e-07,3.5493508e-07,4.4770664e-07,2.373331e-07,3.8452637e-07,3.4791293e-07,2.8248905e-07,3.9458803e-07,2.7719776e-07,1.5586531e-07,2.6445784e-07,4.7513996e-07,3.4492544e-07,1.3533311e-06,6.3111173e-07,6.716102e-08,1.4900309e-07,6.395727e-07,6.792244e-07,1.6207816e-06,2.9915216e-07,1.4473169e-07,3.5820827e-07,3.889277e-07,2.2756036e-07,8.9899174e-08,2.8119553e-07,9.5338706e-08,1.8166853e-07,3.4306444e-07,4.70229e-07,3.6421062e-07,2.3293606e-07,7.844763e-08,7.318567e-08,4.046983e-08,4.3561332e-07,2.3635617e-07,1.8006145e-07,4.0090623e-07,2.9250631e-07,4.950288e-07,3.0803946e-07,1.2301867e-07,1.04875134e-07,1.9419305e-07,3.4805637e-07,3.3887827e-07,6.291335e-07,4.6038912e-07,3.7936877e-07,7.5789984e-07,1.0026102e-06,2.5103373e-07,2.1474675e-07,2.1704264e-07,1.6959444e-07,2.867403e-07,2.139732e-07,1.6200187e-07,1.7519078e-07,9.297455e-08,1.5207343e-07,3.349559e-07,4.6034515e-07,3.6502146e-07,2.5171295e-07,3.4045095e-07,3.047881e-07,1.368657e-07,1.2303126e-07,2.3109293e-07,2.0162771e-07,1.9213054e-07,2.6095015e-07,3.635111e-07,2.5530264e-07,1.8627537e-07,2.4349038e-07,2.489071e-07,3.0800658e-07,2.4829063e-07,1.6608894e-07,2.1161691e-07,1.0517768e-07,1.212157e-07,1.3089151e-07,2.6993393e-07,2.3573752e-07,2.589404e-07,4.094223e-07,2.8907385e-07,1.8308373e-07,1.1311746e-07,1.2724938e-07,1.7103882e-07,1.5786323e-07,2.2105945e-07,2.9618235e-07,1.9614971e-07,1.6761608e-07,1.4167594e-07,1.3956465e-07,1.2437908e-07,1.1729676e-07,8.470379e-08,1.957709e-07,1.7859213e-07,7.658623e-08,3.8187062e-09
0.00030963076,6.9967227e-06,1.5794427e-06,9.527906e-07,3.2974017e-06,3.5710243e-06,3.7833224e-06,1.5569696e-06,3.3769854e-07,2.0709342e-06,1.4775508e-06,7.789283e-07,1.246284e-06,4.743393e-07,4.2973974e-07,2.3094161e-07,4.3936808e-08,6.842196e-07,7.7779197e-07,2.8164672e-07,1.1299275e-06,6.2871135e-07,4.215143e-07,4.7469322e-07,4.051239e-07,3.424353e-07,3.1405725e-07,2.6051498e-07,3.669195e-07,3.581888e-07,4.5619225e-07,2.6849398e-06,1.0562032e-06,1.7246738e-07,3.1072898e-07,1.1088069e-06,7.780192e-07,1.5395683e-06,5.129342e-07,4.0167217e-07,5.2905216e-07,9.6036e-07,5.0128637e-07,5.409234e-07,5.1506714e-07,4.0355172e-07,6.9953484e-07,3.5660074e-07,1.0865438e-06,4.6572708e-07,1.1649525e-07,1.3181538e-07,1.911202e-07,8.21001e-08,6.112475e-07,4.9219443e-07,3.0251368e-07,4.92405e-07,2.7176065e-07,4.6695146e-07,4.702382e-07,3.0084215e-07,1.8285253e-07,3.3584553e-07,3.87758e-07,4.2917844e-07,6.9811637e-07,4.6325667e-07,6.5511114e-07,4.7978955e-07,9.801911e-07,1.0293403e-06,4.7385254e-07,4.5173354e-07,3.216242e-07,5.1846905e-07,4.525471e-07,2.7118955e-07,2.4176026e-07,2.0250823e-07,4.2227694e-07,4.1289258e-07,4.1854076e-07,5.4582443e-07,2.6304266e-07,2.397892e-07,3.269421e-07,3.7021417e-07,3.1325501e-07,7.3150943e-07,3.0215605e-07,1.7109024e-07,2.3690689e-07,6.8734767e-07,5.1471505e-07,5.1701244e-07,3.998605e-07,3.1099287e-07,5.162854e-07,4.0066172e-07,3.060651e-07,3.803548e-07,2.8838932e-07,2.2856788e-07,2.5434986e-07,3.9533674e-07,3.8536461e-07,3.4572275e-07,5.539243e-07,3.8697112e-07,3.104061e-07,1.5986036e-07,2.5333472e-07,2.695293e-07,2.9942376e-07,3.863686e-07,4.001854e-07,2.5380984e-07,2.1873227e-07,1.538737e-07,2.1172686e-07,1.9938716e-07,1.6003553e-07,2.382623e-07,3.055057e-07,3.2887579e-07,1.5542146e-07,6.025319e-09
0.00042189134,4.935126e-06,1.8094725e-06,3.0107365e-06,4.6873433e-06,1.7612481e-06,9.133294e-07,1.3811799e-06,1.078253e-07,9.979211e-07,1.3679071e-06,8.0493464e-07,6.138329e-07,7.346832e-07,8.090463e-07,9.939217e-07,8.839178e-08,9.026989e-08,7.404094e-08,6.083164e-07,1.2078339e-06,4.412226e-07,8.133314e-07,8.693193e-07,8.970008e-07,1.7244565e-07,2.5514888e-07,2.7603326e-07,5.92632e-07,4.6332354e-07,5.170508e-07,1.2890052e-06,3.5709272e-07,3.4781806e-07,5.669177e-07,6.384792e-07,2.606299e-07,1.1488287e-06,7.918784e-07,4.2403485e-07,5.7648805e-07,2.159699e-06,4.969657e-07,1.151054e-06,1.015749e-06,5.463136e-07,9.192293e-07,1.713306e-07,4.5109007e-07,4.707602e-07,3.4476105e-07,1.8241388e-07,2.3872707e-07,3.2021597e-07,2.4465456e-07,4.5160746e-07,2.3709654e-07,3.245086e-07,2.930397e-07,5.940074e-07,4.4064564e-07,4.5338177e-07,4.9254976e-07,2.0721794e-07,4.0863202e-07,2.014644e-07,3.1397485e-07,3.49563e-07,8.567278e-07,8.41824e-07,9.5363015e-07,1.1513371e-06,5.9598574e-07,6.644618e-07,6.4339395e-07,7.949728e-07,3.7859817e-07,4.9696297e-07,3.121211e-07,2.650197e-07,4.785807e-07,3.615857e-07,2.0457495e-07,4.2312942e-07,4.916154e-07,2.969054e-07,2.4795466e-07,4.337806e-07,2.8398372e-07,6.375649e-07,3.2277708e-07,2.7803728e-07,3.658091e-07,4.1250246e-07,5.8755916e-07,6.6397723e-07,5.197041e-07,2.5382582e-07,1.0318533e-06,5.958594e-07,3.7040076e-07,4.089766e-07,2.8420658e-07,3.2607818e-07,3.2192446e-07,3.4035082e-07,4.118792e-07,2.3936965e-07,2.7955508e-07,3.8157827e-07,5.900846e-07,2.842485e-07,5.1314305e-07,3.0767728e-07,3.9228817e-07,4.6417875e-07,2.0623048e-07,3.1634355e-07,2.147277e-07,1.9392127e-07,2.7986158e-07,2.5678992e-07,2.7773572e-07,3.7500655e-07,2.3024221e-07,3.3101264e-07,1.2032196e-07,7.6443945e-09
0.00042874113,2.1572437e-06,1.3246054e-06,1.657746e-06,1.3522478e-06,1.1603894e-06,8.125259e-07,1.6074226e-06,3.5835686e-07,2.3483105e-06,3.2515134e-06,5.570132e-07,8.7054383e-07,9.539644e-07,1.2718857e-06,1.4352827e-06,2.1099336e-07,8.7881084e-08,2.315905e-07,8.9309964e-07,7.036449e-07,3.254566e-07,8.602334e-07,7.958061e-07,9.364984e-07,4.1812368e-07,3.243591e-07,1.6781593e-07,1.7514995e-07,3.5784237e-07,7.815768e-07,7.864309e-07,3.5605223e-07,2.500921e-07,6.138335e-07,2.958433e-07,1.7090287e-07,5.5980325e-07,8.307631e-07,1.0260342e-06,1.2728028e-06,3.4457375e-06,1.2012127e-06,4.921129e-07,5.906193e-07,3.009483e-07,2.980239e-07,1.6368001e-07,1.0813911e-07,3.2983738e-07,4.2361413e-07,2.707718e-07,1.9471759e-07,3.7244743e-07,1.882532e-07,1.493842e-07,3.1359156e-07,4.5659633e-07,3.1473976e-07,1.0346492e-06,4.604292e-07,2.5907698e-07,5.5416166e-07,1.9187998e-07,4.933571e-07,4.0898948e-07,1.678874e-07,2.2611852e-07,3.8450156e-07,7.9828993e-07,6.359938e-07,5.0731677e-07,4.908778e-07,6.335013e-07,3.3743046e-07,7.9576046e-07,3.6459264e-07,4.4037063e-07,3.832734e-07,3.4743067e-07,3.9417816e-07,4.416229e-07,2.2420873e-07,3.8332772e-07,4.4167143e-07,2.084895e-07,9.404973e-08,3.918831e-07,4.239661e-07,2.9390014e-07,1.9239855e-07,4.993806e-07,5.1343955e-07,1.9224086e-07,3.748437e-07,4.1178004e-07,4.3068107e-07,4.4599287e-07,1.3141948e-06,6.082781e-07,3.7970636e-07,3.0468794e-07,1.7976909e-07,2.6022155e-07,3.5004985e-07,5.236639e-07,5.1309826e-07,2.413423e-07,4.6368694e-07,2.8855274e-07,5.5851086e-07,3.9828205e-07,6.0334304e-07,4.840616e-07,2.8755605e-07,1.6904333e-07,4.100128e-07,4.9348336e-07,3.3195744e-07,3.3522838e-07,3.067169e-07,2.9991688e-07,2.8544417e-07,4.0891345e-07,5.221329e-07,1.7874362e-07,8.25481e-08,9.249611e-09
0.00035997387,3.6103688e-06,1.8016775e-06,8.349126e-07,9.750498e-07,1.145932e-06,4.6908949e-07,1.0699296e-06,2.057684e-06,4.840407e-06,3.438809e-06,4.745479e-07,6.929574e-07,1.003964e-06,1.5759185e-06,1.7525891e-06,2.1697335e-07,2.612259e-07,5.2989424e-07,6.355688e-07,1.1739033e-06,6.010494e-07,5.37439e-07,5.445088e-07,3.3479262e-07,1.3307225e-07,4.3121744e-07,4.7383799e-07,7.9156244e-08,2.7201526e-07,7.980849e-07,7.3258775e-07,8.4273904e-07,2.3999445e-07,7.9602074e-07,3.1662805e-07,9.7306504e-08,1.2609763e-07,9.2410056e-07,7.364836e-07,2.1840272e-06,4.6655264e-06,1.7543872e-06,3.330959e-07,2.3337914e-07,2.483739e-07,1.7766702e-07,5.135077e-07,3.380817e-07,1.5704572e-07,3.5793616e-07,1.9713588e-07,1.8161616e-07,2.1169885e-07,2.1593016e-07,1.3715663e-07,5.223634e-07,7.8328173e-07,9.531431e-07,1.437899e-06,3.8887552e-07,2.0183235e-07,2.1520688e-07,3.7087955e-07,4.7083495e-07,3.982847e-07,3.6137402e-07,2.2832428e-07,1.5735466e-07,4.1227023e-07,4.3028467e-07,1.7978824e-07,3.8043976e-07,4.7187714e-07,1.09206844e-07,4.471666e-07,4.4861346e-07,3.9231313e-07,3.0400074e-07,3.9325e-07,3.4607456e-07,4.6060444e-07,3.4371146e-07,2.1146245e-07,4.7178463e-07,2.2577436e-07,1.1154189e-07,4.2463438e-07,7.010978e-07,3.8464862e-07,1.7517446e-07,3.2551074e-07,6.4288207e-07,5.129067e-07,2.5916583e-07,2.2353872e-07,3.0693528e-07,5.217461e-07,1.0131168e-06,6.223712e-07,3.6205762e-07,2.514748e-07,1.5321419e-07,3.1600942e-07,2.4304902e-07,3.05147e-07,4.4693698e-07,3.725354e-07,5.161537e-07,3.5066e-07,3.0073397e-07,4.6874513e-07,4.0715608e-07,3.355316e-07,5.82394e-07,2.7171305e-07,4.4409958e-07,4.3211642e-07,3.5587303e-07,3.455308e-07,2.679948e-07,3.8928283e-07,1.9837965e-07,2.9714084e-07,7.0403553e-07,2.3815504e-07,1.6249143e-07,9.07723e-09
0.00024319903,3.270849e-06,1.8333452e-06,8.3658387e-07,5.870663e-07,6.452898e-07,7.8140016e-07,5.2634545e-07,1.5488914e-06,2.3711323e-06,1.9339368e-06,6.0680446e-07,6.07713e-07,7.675225e-07,7.4619555e-07,1.1236406e-06,1.287709e-07,7.969221e-08,1.3311907e-07,3.6009246e-07,9.2068433e-07,1.3734929e-06,6.222626e-07,9.12436e-07,4.6143006e-07,1.501967e-07,2.5934807e-07,8.3458394e-07,5.977013e-07,2.8446703e-07,4.033349e-07,8.778448e-07,8.072303e-07,3.2468125e-07,4.6013602e-07,4.9729476e-07,2.0373102e-07,1.1256984e-07,6.497095e-07,5.3239773e-07,1.011641e-06,2.9044127e-06,9.120793e-07,3.578219e-07,2.8694487e-07,2.7507846e-07,2.9226177e-07,7.8630535e-07,7.4356933e-07,2.3918562e-07,1.9262336e-07,2.0231481e-07,4.6377255e-07,2.277582e-07,1.7840205e-07,2.0273e-07,5.2829233e-07,5.400006e-07,1.1603489e-06,8.303401e-07,2.0455784e-07,1.5223874e-07,9.964787e-08,2.4953144e-07,3.496329e-07,3.4345103e-07,4.0536665e-07,4.11037e-07,3.7424107e-07,3.712439e-07,7.1827196e-07,5.830759e-07,2.993965e-07,3.409466e-07,1.7331134e-07,3.6214098e-07,6.4222735e-07,2.7592358e-07,3.0020064e-07,7.0734524e-07,5.5976784e-07,4.0200348e-07,1.9816032e-07,1.07693154e-07,4.903354e-07,2.5260033e-07,2.7954465e-07,2.1459046e-07,4.1348164e-07,7.7005643e-07,3.6267159e-07,2.57748e-07,4.7844213e-07,7.1353213e-07,1.7824257e-07,2.0654579e-07,2.8498542e-07,4.958634e-07,1.5650604e-06,5.6373636e-07,2.1526459e-07,4.0452267e-07,1.964705e-07,2.67601e-07,1.9737872e-07,1.8992269e-07,3.7678623e-07,4.093375e-07,3.449843e-07,3.0967968e-07,2.087582e-07,5.1221656e-07,2.3066308e-07,2.5232092e-07,5.1216745e-07,3.9743e-07,3.2911134e-07,3.7658202e-07,2.4739612e-07,2.1380131e-07,2.5291504e-07,3.3297553e-07,3.9872072e-07,2.5658085e-07,5.966306e-07,4.7208565e-07,2.478899e-07,7.4226523e-09
0.00012624124,1.0093029e-06,1.3237969e-06,2.316149e-07,1.0372544e-06,3.8672928e-07,6.2906105e-07,3.863126e-07,4.6266712e-07,1.165227e-06,9.164334e-07,2.1247901e-07,1.5180979e-07,4.0132113e-07,1.0859677e-06,1.0560664e-06,1.0220483e-07,2.8776709e-08,1.1511017e-07,7.7003455e-07,1.8071232e-06,6.292606e-07,3.4807024e-07,4.7757084e-07,3.0825478e-07,5.824334e-07,3.729387e-07,4.014046e-07,5.338086e-07,2.1450977e-07,6.709403e-08,4.432713e-07,2.8634304e-07,1.7922834e-07,6.424074e-07,7.7035423e-07,4.926679e-07,1.0894874e-07,2.5631502e-07,2.3754752e-07,1.5554939e-07,3.1595124e-07,1.4556583e-07,2.0945569e-07,2.142735e-07,7.3751727e-07,4.1018217e-07,1.6558565e-07,4.683467e-07,1.7776156e-07,1.6085832e-07,2.3181055e-07,4.0517216e-07,5.677408e-07,3.691147e-07,3.373698e-07,1.4214602e-07,1.7889106e-07,3.8966311e-07,4.10074e-07,1.5075742e-07,2.0913684e-07,1.9089909e-07,2.775834e-07,3.7577644e-07,1.0552441e-07,1.6862755e-07,3.614138e-07,4.243179e-07,2.9744882e-07,8.451808e-07,5.316258e-07,2.7156725e-07,5.187385e-07,2.7337708e-07,2.4199673e-07,4.6815944e-07,2.7648633e-07,2.5282603e-07,5.5066545e-07,6.0353364e-07,3.0806243e-07,1.9881998e-07,9.77471e-08,2.4637956e-07,1.5768117e-07,2.238079e-07,2.3273371e-07,3.044848e-07,4.2215527e-07,3.7912696e-07,2.4737116e-07,3.9524306e-07,2.4785595e-07,1.0872544e-07,1.8915169e-07,2.61116e-07,4.68729e-07,6.7976185e-07,3.1474866e-07,1.8174627e-07,4.2241498e-07,2.2373271e-07,2.3189389e-07,2.5177016e-07,3.3199012e-07,2.5086163e-07,1.5479158e-07,2.0826657e-07,1.8602006e-07,2.457353e-07,2.209572e-07,1.8859231e-07,4.1111412e-07,2.1857996e-07,2.2074452e-07,2.5077952e-07,2.4624296e-07,2.8057852e-07,1.69094e-07,1.2981258e-07,1.4164468e-07,3.767934e-07,2.560863e-07,2.766466e-07,4.414915e-07,1.9227399e-07,7.692867e-09
6.1196544e-05,1.5509235e-06,1.2587388e-06,4.0994075e-07,1.7345025e-06,3.5025693e-07,9.616575e-07,4.9229646e-07,6.6888964e-07,2.5807342e-06,1.6791615e-06,3.4696075e-07,5.6780635e-08,4.231077e-08,8.178347e-07,7.302042e-07,2.1730415e-07,2.9554374e-07,2.7826846e-07,6.648239e-07,2.5540699e-06,3.8166525e-07,2.0153571e-07,1.1627237e-07,6.381263e-07,5.2017486e-07,3.0757323e-07,6.869167e-08,1.16796386e-07,1.2779462e-07,1.7381767e-07,5.0771064e-07,2.4877392e-07,1.5508378e-07,5.143424e-07,5.2815363e-07,1.2557335e-07,1.8959244e-07,5.7390605e-07,1.97619e-07,2.8071437e-07,3.2719447e-07,5.4716843e-08,7.202369e-08,1.4962525e-07,5.3650746e-07,4.0452318e-07,1.9069238e-07,5.2353886e-07,1.565051e-07,2.1826645e-07,2.1923165e-07,1.8668297e-07,3.151482e-07,2.4983188e-07,4.0818205e-07,1.6634753e-07,2.0448512e-07,3.732213e-07,2.6327493e-07,1.611965e-07,3.1226256e-07,3.2681535e-07,4.0718027e-07,4.476376e-07,1.4558894e-07,1.2086682e-07,3.152339e-07,4.1146498e-07,3.253926e-07,5.653283e-07,2.4334213e-07,3.2034853e-07,3.5257523e-07,3.0021252e-07,2.2233323e-07,3.2812858e-07,2.5957667e-07,2.7472296e-07,2.3439019e-07,2.0513367e-07,1.0936001e-07,1.8841689e-07,1.491998e-07,1.9886545e-07,1.4184823e-07,1.6623531e-07,2.795527e-07,2.6756285e-07,2.419506e-07,3.613596e-07,1.623297e-07,1.785342e-07,1.3851601e-07,2.7699943e-07,2.4097452e-07,2.5607963e-07,2.7711383e-07,2.9358364e-07,2.6619637e-07,1.7637429e-07,3.7009008e-07,3.623999e-07,3.0670734e-07,2.4110238e-07,2.5943757e-07,2.2964507e-07,2.4818266e-07,2.730718e-07,3.6519626e-07,2.911183e-07,1.9228872e-07,2.0982955e-07,3.7945887e-07,2.4390945e-07,2.1736442e-07,2.4882982e-07,2.3733618e-07,2.2385309e-07,1.7610144e-07,1.2367894e-07,7.1658576e-08,4.0829664e-07,3.0423453e-07,1.2475293e-07,2.0693969e-07,8.388828e-08,4.3714907e-09
2.9051766e-05,2.7017577e-06,8.989275e-07,4.267174e-07,2.0537432e-06,4.2231548e-07,8.470878e-07,2.0373115e-07,4.1905935e-07,2.8732347e-06,1.7932309e-06,5.2904227e-07,1.2402143e-07,5.625137e-08,1.00734226e-07,1.7608568e-07,4.2975594e-07,4.3204216e-07,3.3743612e-07,8.6095866e-07,1.792264e-06,1.623066e-07,2.6313598e-08,3.4729677e-08,4.1739818e-07,4.489368e-07,6.205264e-07,1.7568796e-07,4.3798003e-08,1.4629286e-07,2.5286099e-07,5.137644e-07,2.2028097e-07,2.079912e-07,2.6176033e-07,3.5005024e-07,9.52835e-08,2.6226866e-07,6.7924486e-07,6.003779e-07,5.2060807e-07,9.787583e-07,1.5163539e-07,2.873741e-07,7.870228e-08,1.4071418e-07,1.2819868e-07,1.1327941e-07,3.028784e-07,8.6543594e-08,1.9888431e-07,1.777465e-07,2.0709861e-07,1.757704e-07,1.2867115e-07,1.1309597e-07,1.7530462e-07,4.0615564e-07,4.5690663e-07,4.848668e-07,2.0033191e-07,2.085448e-07,1.8743472e-07,2.596582e-07,2.6379848e-07,1.5484707e-07,8.335283e-08,2.3182106e-07,5.0634964e-07,6.0163654e-07,7.3716257e-07,1.4862871e-07,2.547947e-07,2.173971e-07,2.2323462e-07,2.6399826e-07,3.7356273e-07,3.2148054e-07,3.173974e-07,1.8330347e-07,1.03167636e-07,8.695515e-08,1.1452538e-07,1.5933725e-07,1.5630744e-07,1.6825734e-07,2.4144285e-07,1.8379255e-07,1.226237e-07,2.0186398e-07,1.4177033e-07,1.4797153e-07,1.421604e-07,1.723656e-07,1.7822623e-07,1.8656516e-07,2.6519885e-07,1.6872885e-07,2.0470279e-07,1.6413175e-07,1.9183275e-07,2.094593e-07,3.17684e-07,2.2029299e-07,1.8369239e-07,1.4307656e-07,2.2167023e-07,3.103102e-07,3.1289477e-07,2.4387145e-07,2.3303619e-07,1.5399569e-07,1.8907879e-07,2.1598102e-07,1.4528759e-07,1.9512916e-07,2.380307e-07,2.6076233e-07,1.76972e-07,1.6209546e-07,1.8587488e-07,1.0973882e-07,3.0337318e-07,3.2522595e-07,1.7581375e-07,1.2071781e-07,4.782268e-08,3.6759642e-09
1.265965e-05,9.039978e-07,1.2581894e-07,2.9135072e-07,8.9841694e-07,3.9570963e-07,3.2960077e-07,2.0983616e-07,2.608126e-07,1.0582394e-06,1.6168239e-06,5.048272e-07,2.7767817e-07,2.2125057e-07,3.3731308e-07,2.5045412e-07,1.2481424e-07,8.400745e-08,4.459767e-07,8.3006404e-07,1.0049489e-06,1.13713696e-07,1.7339476e-08,1.0702644e-08,4.1219423e-08,1.2180512e-07,5.088045e-07,1.4271407e-07,4.4456396e-08,9.129238e-08,3.2729565e-07,2.549911e-07,2.1693678e-07,7.860866e-08,5.8570613e-08,2.2959418e-07,1.9526401e-07,2.1909403e-07,1.9583196e-07,3.612688e-07,7.4418415e-07,1.1829414e-06,1.4188475e-07,2.752537e-07,2.147788e-07,1.15823774e-07,1.2362288e-07,3.0719747e-08,1.6747465e-07,1.0824229e-07,1.3504717e-07,5.115071e-08,1.5879908e-07,2.1885917e-07,1.28257e-07,6.562219e-08,1.3327676e-07,2.391499e-07,2.0292659e-07,2.2236304e-07,8.59346e-08,2.1709418e-07,9.147036e-08,1.795889e-07,9.036364e-08,1.05882805e-07,1.7768222e-07,2.2931724e-07,1.4956757e-07,2.43666e-07,4.7666563e-07,1.1155069e-07,1.7196125e-07,1.7903797e-07,2.0059765e-07,1.8383972e-07,1.8087736e-07,1.9041134e-07,1.8265209e-07,1.2960666e-07,1.442547e-07,1.952105e-07,1.4174877e-07,9.659081e-08,1.4079245e-07,1.346827e-07,1.8414316e-07,9.714326e-08,7.104753e-08,1.7074501e-07,7.27415e-08,1.5207884e-07,1.14212426e-07,1.02530365e-07,5.2477425e-08,1.4455193e-07,1.9534667e-07,9.638865e-08,2.19079e-07,1.1717193e-07,9.658015e-08,1.0738581e-07,1.8030153e-07,1.1940233e-07,1.0537224e-07,9.885333e-08,1.08162155e-07,1.6077992e-07,2.1730122e-07,9.4562665e-08,1.3921029e-07,8.1470255e-08,1.4473697e-07,9.823787e-08,6.862354e-08,1.3672312e-07,1.233685e-07,1.602744e-07,1.2925662e-07,1.8255655e-07,1.7231977e-07,8.3092075e-08,9.212496e-08,2.8662132e-07,1.6609822e-07,8.950575e-08,5.5531796e-08,2.6022766e-09
3.471417e-06,2.9417643e-07,1.6879936e-07,3.3807427e-07,7.680108e-07,3.9503485e-07,1.3448523e-07,3.3885345e-07,8.465735e-08,3.4498058e-07,3.6945653e-07,1.1527158e-07,9.6601916e-08,1.1978595e-07,2.974843e-07,1.239519e-07,1.1540433e-08,4.5608335e-08,1.4787332e-07,3.5655094e-07,8.143149e-07,9.906198e-08,7.971651e-08,9.567222e-09,7.893562e-09,1.5301066e-07,3.8981125e-07,9.5760996e-08,3.611786e-08,5.5252997e-08,3.8206727e-07,1.6115827e-07,2.4437804e-07,3.6246586e-08,2.1158826e-08,1.2931591e-07,1.8379436e-07,1.7314643e-07,1.3153694e-07,1.7015495e-07,7.4787016e-07,1.0917732e-06,6.544247e-08,1.15517224e-07,1.9145746e-07,1.1288002e-07,1.4129098e-07,1.499205e-07,9.667585e-08,1.0350548e-07,1.0482873e-07,1.6400918e-08,6.115661e-08,9.656393e-08,9.8032196e-08,3.9724426e-08,4.85608e-08,1.0151173e-07,9.054236e-08,8.5405524e-08,7.1347515e-08,9.857018e-08,6.3925754e-08,6.5464235e-08,1.1144171e-07,8.845894e-08,1.7622166e-07,1.234674e-07,9.9003906e-08,1.2621808e-07,1.4075005e-07,6.5243555e-08,5.0953616e-08,4.6868053e-08,9.172748e-08,5.876984e-08,7.4999846e-08,5.2993297e-08,1.10728806e-07,8.2750084e-08,9.748609e-08,2.0812863e-07,9.099366e-08,7.0357615e-08,7.953706e-08,1.0120004e-07,6.5781684e-08,6.202554e-08,6.015244e-08,5.3158494e-08,4.7257387e-08,8.948772e-08,7.033512e-08,7.5100715e-08,4.5143175e-08,8.6220396e-08,1.2221795e-07,8.223177e-08,1.0092459e-07,7.6537916e-08,7.875697e-08,7.618058e-08,9.841126e-08,1.1061114e-07,9.034718e-08,6.8822416e-08,6.392717e-08,5.0632707e-08,1.11336824e-07,7.3984715e-08,8.359314e-08,1.04735705e-07,9.55327e-08,7.504124e-08,7.8239964e-08,9.638324e-08,8.5698716e-08,7.409893e-08,4.949709e-08,9.8175434e-08,7.923231e-08,6.0713084e-08,5.786115e-08,9.984388e-08,7.6212366e-08,5.995422e-08,4.5329656e-08,1.0308947e-09
2.0214845e-06,4.728317e-07,1.6552431e-07,2.0906127e-07,6.38677e-07,2.3507246e-07,1.2285734e-07,3.937459e-07,9.722304e-08,3.3364523e-07,3.3852945e-07,4.8732332e-08,7.096646e-08,6.7302516e-08,7.809308e-08,2.141882e-08,2.5141782e-09,7.897936e-09,3.1677274e-08,1.74777e-07,5.742671e-07,7.4663625e-08,6.5949244e-08,1.8972417e-08,7.641875e-08,2.4694006e-07,1.401229e-07,4.3170022e-08,1.5814498e-08,2.3192792e-08,2.1847625e-07,1.8716104e-07,5.1510394e-08,7.1916473e-09,1.3661172e-08,7.3286344e-08,1.4137909e-07,2.9210037e-07,1.6289499e-07,1.4026351e-07,5.9054787e-07,9.085562e-07,1.0979764e-07,1.0755612e-07,3.741567e-08,3.6550702e-08,8.7953154e-08,2.8223837e-07,1.7085586e-07,6.378106e-08,9.98419e-08,6.454078e-08,2.3887855e-08,7.4252773e-09,9.650512e-08,3.2100644e-08,1.16590115e-08,7.718482e-08,6.369266e-08,1.6273657e-07,1.3425456e-07,5.13969e-08,3.623052e-08,3.313546e-08,1.3270171e-07,7.188822e-08,7.656459e-08,2.5275208e-08,5.178183e-08,1.218203e-07,1.105276e-07,4.8002352e-08,1.6961527e-08,1.5907101e-08,5.6348803e-08,5.200507e-08,3.9218165e-08,3.3935216e-08,6.833458e-08,6.372805e-08,4.0896417e-08,6.738012e-08,4.0093163e-08,3.6159374e-08,5.8414955e-08,8.9896595e-08,8.117622e-08,5.5572563e-08,8.190472e-08,4.1664546e-08,3.8433104e-08,4.033867e-08,3.652984e-08,4.716351e-08,4.788988e-08,8.269663e-08,6.067814e-08,7.9167265e-08,1.1943925e-07,7.5459035e-08,5.963754e-08,6.024395e-08,4.2060478e-08,6.744148e-08,8.172753e-08,8.4611415e-08,6.0022046e-08,4.745401e-08,7.194241e-08,8.0760614e-08,6.5281675e-08,9.761549e-08,8.273272e-08,4.3779483e-08,5.5423964e-08,5.014158e-08,9.4471424e-08,6.017303e-08,4.0657625e-08,5.008743e-08,6.42029e-08,6.2506565e-08,5.22812e-08,6.80008e-08,3.8809983e-08,5.2533895e-08,4.6595385e-08,4.2767526e-10
9.101486e-07,1.3445344e-07,1.3606717e-07,9.4622344e-08,3.5202197e-07,1.365625e-07,1.0991123e-07,1.6645143e-07,4.2500186e-08,1.2734142e-07,1.9293181e-07,7.332902e-08,8.817539e-08,3.9223817e-08,1.7302066e-08,4.04022e-08,4.503871e-08,2.1188203e-08,6.277518e-08,9.483717e-08,3.4498402e-07,7.535384e-08,9.5605344e-08,4.2220393e-08,5.0799045e-08,1.1840615e-07,9.590702e-08,6.042646e-08,1.2986892e-08,4.788954e-08,7.939556e-08,1.9459897e-07,4.8092023e-08,7.1454633e-09,7.3705e-09,1.1065531e-08,2.598393e-08,7.1529804e-08,1.9372022e-08,1.41779415e-08,1.0074853e-07,2.6764263e-07,1.3017805e-07,1.3138741e-08,5.872594e-09,4.678588e-09,8.194925e-09,6.271811e-08,7.680735e-08,4.8552675e-08,4.775053e-08,3.286176e-08,1.6460527e-08,8.780235e-09,4.9983328e-08,2.5864777e-08,2.1913275e-08,6.488402e-08,3.6119612e-08,1.04212226e-07,6.902992e-08,5.7150462e-08,6.368492e-08,2.512271e-08,7.802994e-08,7.982109e-08,5.430771e-08,4.1491894e-08,3.6871302e-08,9.99397e-08,1.1445425e-07,4.4564e-08,2.5831383e-08,3.000406e-08,3.16231e-08,2.1660608e-08,1.9437813e-08,6.9445405e-09,5.8752914e-08,7.3779496e-08,3.8278763e-08,2.9115373e-08,3.2629064e-08,2.8508746e-08,3.6053283e-08,4.6634174e-08,9.634057e-08,7.43535e-08,8.126259e-08,5.4328236e-08,5.8666423e-08,4.7482352e-08,2.8032572e-08,5.097805e-08,3.9498904e-08,4.5351307e-08,3.702031e-08,6.388804e-08,9.046879e-08,7.078936e-08,5.0761567e-08,3.366546e-08,2.4292747e-08,4.84932e-08,5.13685e-08,5.161276e-08,3.1557917e-08,4.4300798e-08,3.8698463e-08,5.5517116e-08,2.9902925e-08,3.2438855e-08,4.8077254e-08,2.0698476e-08,3.5498847e-08,4.5739927e-08,5.0532275e-08,3.393246e-08,4.415144e-08,4.2206608e-08,5.0627154e-08,4.0770335e-08,2.3750157e-08,2.7145706e-08,2.2967798e-08,4.325382e-08,2.4226177e-08,3.0650557e-10
1.2130469e-06,2.0609274e-07,2.7307456e-07,2.4825408e-07,1.7690947e-07,1.9614198e-07,2.1696079e-07,6.9637444e-08,2.2718973e-08,9.1028184e-08,2.8260902e-07,1.3984821e-07,9.9920236e-08,2.4446374e-08,6.217783e-08,9.1676334e-08,1.06714495e-07,7.1555824e-08,3.6394237e-08,5.7775548e-08,2.5416483e-07,1.8497097e-07,4.1468047e-07,7.9818065e-08,1.7469372e-08,7.379692e-08,3.108231e-07,1.3823197e-07,2.1906049e-08,6.438419e-08,1.10637984e-07,2.7228165e-07,7.775142e-08,2.4539255e-09,2.3175353e-08,5.2300365e-08,3.486688e-08,7.0739823e-09,6.737167e-09,7.776321e-09,7.772929e-08,3.0092224e-07,1.4674278e-07,4.8725504e-09,3.9579535e-09,3.1095023e-08,7.916114e-08,6.83038e-08,8.291264e-08,1.12574725e-07,6.7589625e-08,2.6263557e-08,3.0730387e-08,4.6871094e-08,2.2827548e-08,5.097283e-09,4.5730033e-08,7.335324e-08,5.6351332e-08,1.0996993e-07,3.1912947e-08,3.742561e-08,4.2536985e-08,6.882911e-08,8.731641e-08,4.9987303e-08,5.0683866e-08,3.7472883e-08,1.3078773e-08,2.9304038e-08,5.028268e-08,2.3308376e-08,2.1668336e-08,5.505562e-08,9.504467e-08,6.251538e-08,5.6776575e-08,2.9061344e-08,4.9125735e-08,4.484239e-08,6.245777e-08,3.097175e-08,3.8082938e-08,3.9935767e-08,3.0995864e-08,3.7895145e-08,6.026693e-08,5.499162e-08,7.158333e-08,5.3977253e-08,4.6932485e-08,3.5504296e-08,4.9361272e-08,4.3479766e-08,4.848302e-08,4.4359425e-08,2.8982491e-08,5.8109865e-08,5.796806e-08,5.2556135e-08,4.7297544e-08,3.734014e-08,2.8559716e-08,3.475951e-08,4.3221775e-08,4.2750635e-08,2.9025605e-08,4.450701e-08,3.2587696e-08,2.4599792e-08,2.5842995e-08,3.922365e-08,4.5733547e-08,2.1598321e-08,4.5861725e-08,4.0904812e-08,4.3151267e-08,4.5813735e-08,4.6082025e-08,4.3310013e-08,7.196323e-08,3.6720923e-08,2.7495691e-08,3.6486835e-08,4.608202e-08,3.8451606e-08,1.665869e-08,4.494952e-10
1.0487331e-06,3.7438835e-07,1.8359398e-07,1.3589663e-07,1.374861e-07,5.2325323e-08,1.2462192e-07,1.1864904e-07,3.7028716e-08,1.3809832e-07,1.4281345e-07,5.396939e-08,1.3549186e-07,5.8980977e-08,9.39157e-08,3.227966e-08,6.204417e-08,4.7002864e-08,2.4286397e-08,4.8888523e-08,2.0025941e-07,7.641237e-08,3.254378e-07,7.964259e-08,4.2192642e-08,2.1803054e-08,1.2546373e-07,5.0321923e-08,4.4765798e-08,3.818259e-08,7.127966e-08,1.747438e-07,6.278914e-08,2.6858581e-08,4.2473616e-08,6.0191766e-08,8.8426155e-08,9.905257e-09,2.0690094e-09,8.133152e-09,9.177749e-08,3.3481996e-07,7.010632e-08,4.4840267e-08,2.1452367e-08,4.8695348e-08,1.7488783e-07,8.837166e-08,8.744581e-08,4.8317364e-08,5.7534873e-08,6.678149e-08,7.629241e-08,9.160292e-08,2.3200425e-08,5.8512284e-09,3.2427312e-08,5.497622e-08,4.759589e-08,7.4721015e-08,1.8537762e-08,3.0556038e-08,2.371594e-08,4.1099042e-08,3.5068343e-08,9.591099e-09,7.447881e-08,6.031283e-08,1.14480985e-08,3.7043613e-08,6.564173e-08,3.868075e-08,3.7722167e-08,4.7153947e-08,5.6158136e-08,8.9543114e-08,1.03716836e-07,5.418036e-08,2.486407e-08,3.3637626e-08,8.1009425e-08,4.4434625e-08,3.7200486e-08,2.839111e-08,3.9609095e-08,7.793403e-08,7.814941e-08,4.4959506e-08,6.39548e-08,6.265625e-08,3.2080916e-08,4.054557e-08,5.3937473e-08,2.5105324e-08,3.92785e-08,3.5300943e-08,4.342382e-08,6.100607e-08,4.6927298e-08,5.666318e-08,4.390066e-08,4.1078504e-08,3.9977696e-08,3.3021557e-08,4.8362132e-08,3.0723513e-08,2.9497706e-08,5.021108e-08,3.9158177e-08,2.9206761e-08,2.4800816e-08,4.5440743e-08,3.894927e-08,2.858792e-08,4.5129976e-08,4.2030464e-08,4.455109e-08,4.154087e-08,4.4723475e-08,4.9043457e-08,7.941605e-08,3.5822556e-08,3.1617024e-08,4.763412e-08,5.3793134e-08,3.5044287e-08,1.5951516e-08,5.370936e-10
1.2753016e-07,7.417553e-08,7.781134e-08,1.0577404e-07,8.084559e-08,4.1235793e-08,3.5330878e-08,9.636401e-08,4.0396284e-08,7.303576e-08,2.7275325e-08,2.1770479e-08,7.900906e-08,6.803063e-08,7.536008e-08,5.514194e-08,3.7183685e-08,4.352359e-08,3.6961605e-08,5.8092194e-08,1.8233119e-07,6.679347e-08,5.180938e-08,3.6734857e-08,5.9551613e-08,5.488912e-08,1.3842024e-08,2.2629882e-08,5.6577118e-08,2.6952875e-08,9.638445e-08,9.289717e-08,8.749617e-08,6.406006e-08,4.183351e-08,3.284275e-08,6.867745e-08,2.0765967e-08,2.9780672e-08,4.9441592e-08,6.5744445e-08,9.2546905e-08,1.4157768e-08,6.864228e-08,4.4731202e-08,1.5901882e-08,4.999159e-08,7.6725314e-08,4.829596e-08,1.4848068e-08,2.6758203e-08,6.70397e-08,5.8898557e-08,4.2209777e-08,3.1626854e-08,1.37247795e-08,1.5867005e-08,2.0075563e-08,2.1291367e-08,2.0800737e-08,1.2214501e-08,1.7304282e-08,2.4659522e-08,1.2473283e-08,1.4242011e-08,1.839777e-08,6.331629e-08,5.1189947e-08,2.7469838e-08,4.848607e-08,7.647816e-08,6.036831e-08,4.735949e-08,2.9866065e-08,2.6498126e-08,3.2811496e-08,7.3725786e-08,4.542213e-08,3.387474e-08,2.2528488e-08,3.9109604e-08,3.1842916e-08,3.0841086e-08,2.5193646e-08,3.5644057e-08,4.565434e-08,7.30138e-08,4.398548e-08,2.6203459e-08,3.566683e-08,2.4140531e-08,3.2510023e-08,3.8256704e-08,4.0272816e-08,3.304616e-08,2.9728719e-08,5.5319347e-08,4.2831648e-08,4.9189264e-08,5.7414283e-08,4.1616218e-08,2.1042977e-08,2.051874e-08,3.4142392e-08,4.2907246e-08,2.1430628e-08,2.8032614e-08,2.8957142e-08,2.8405427e-08,3.915092e-08,2.7496249e-08,3.4882312e-08,3.151926e-08,2.43202e-08,2.5544798e-08,5.48853e-08,6.1100415e-08,3.3125502e-08,2.981548e-08,1.9472305e-08,4.0128818e-08,3.661972e-08,3.475354e-08,4.5775902e-08,6.022979e-08,2.5196377e-08,1.088022e-08,1.1046556e-09
1.6655679e-07,9.052378e-08,4.4059576e-08,1.2146249e-07,8.201707e-08,6.8448585e-08,3.8408427e-08,7.817809e-08,3.665588e-08,1.0812075e-07,1.6811697e-08,2.020582e-08,3.9124842e-08,1.6850002e-08,4.6956195e-08,8.475299e-08,4.8476302e-08,7.517626e-08,4.069827e-08,6.016786e-08,1.5231818e-07,5.870348e-08,1.7008658e-08,4.693131e-08,5.124146e-08,9.1223676e-08,2.0560005e-08,1.4324063e-08,1.3388951e-07,6.0969256e-08,6.793591e-08,6.3781116e-08,4.734219e-08,6.445191e-08,3.16532e-08,1.4039413e-08,1.4006445e-08,2.741911e-08,1.2111823e-07,7.740328e-08,2.038231e-08,1.510159e-08,1.8666807e-08,8.003847e-08,5.0148124e-08,8.948009e-09,1.6082652e-08,3.906968e-08,1.7143444e-08,2.8765017e-08,4.0059742e-08,6.795935e-08,2.1923233e-08,4.9771607e-08,6.071558e-08,3.2911025e-08,3.109602e-08,1.3971612e-08,1.2684367e-08,1.4023795e-08,1.3202483e-08,1.6611061e-08,2.7342585e-08,7.338065e-09,1.3555083e-08,6.571707e-08,7.3599026e-08,4.9418844e-08,4.937643e-08,3.2484127e-08,4.2365425e-08,5.9911656e-08,4.8809483e-08,3.2027998e-08,3.2165296e-08,4.5788227e-08,5.2408996e-08,4.3475204e-08,5.087378e-08,2.9761779e-08,3.1697436e-08,2.5130523e-08,3.445565e-08,4.2134403e-08,2.0211008e-08,1.8770352e-08,6.995106e-08,6.3016806e-08,1.8636625e-08,4.177331e-08,1.8667347e-08,4.3651493e-08,3.0690988e-08,4.895487e-08,4.2309544e-08,4.0339877e-08,3.684458e-08,2.6074854e-08,5.3060063e-08,5.1377253e-08,4.564137e-08,2.5814336e-08,1.9967331e-08,2.7197926e-08,2.7665873e-08,1.8765277e-08,3.22108e-08,3.0881132e-08,2.4188184e-08,2.8844955e-08,2.2737458e-08,2.1759444e-08,2.9413814e-08,2.6043422e-08,2.5531376e-08,4.3486615e-08,5.2798814e-08,3.3169748e-08,3.3984588e-08,2.2136717e-08,3.342067e-08,3.2633615e-08,2.5484514e-08,4.233573e-08,5.215186e-08,3.3578143e-08,1.1075991e-08,7.129779e-10
1.2507951e-07,2.4666528e-07,8.719765e-08,1.121818e-07,1.3349594e-07,2.1702014e-07,4.9903612e-08,7.679272e-08,3.8834468e-08,6.409695e-08,2.6098874e-08,7.129092e-08,3.729889e-08,1.2281937e-08,5.394831e-08,2.984218e-08,3.4445307e-08,7.3427394e-08,4.1384844e-08,5.8037266e-08,1.2762824e-07,2.7599217e-08,4.890241e-08,7.654977e-08,4.6587505e-08,4.6351683e-08,2.843939e-08,1.3063845e-08,9.646891e-08,6.6859094e-08,5.7638733e-08,1.1130874e-07,3.9251912e-08,1.0606094e-08,1.4152986e-08,7.6173805e-09,3.4529801e-09,4.6030628e-08,1.081044e-07,5.1912902e-08,5.091686e-08,5.080176e-08,4.5239357e-08,1.3894055e-07,4.641036e-08,9.44589e-09,1.403503e-08,7.4291315e-09,1.36073535e-08,2.9924188e-08,5.2924783e-08,4.426478e-08,1.7720955e-08,6.347458e-08,4.8421313e-08,1.533873e-08,2.751988e-08,2.1109932e-08,5.6982422e-08,3.2278525e-08,3.9908276e-08,4.9831037e-08,2.8182583e-08,1.43355745e-08,5.2574363e-09,8.0688935e-08,7.45166e-08,5.4238825e-08,4.596281e-08,2.3402167e-08,2.2543727e-08,2.2540506e-08,1.6421508e-08,3.4250355e-08,3.7092406e-08,6.0011956e-08,4.203991e-08,2.8976402e-08,6.1322964e-08,4.064825e-08,4.4342777e-08,2.9692037e-08,3.2521953e-08,2.886874e-08,1.8455742e-08,1.5277772e-08,3.9588993e-08,3.932872e-08,3.2262495e-08,5.766765e-08,1.9604439e-08,4.0593598e-08,1.4326887e-08,3.7260847e-08,3.5874823e-08,2.2339721e-08,1.4298485e-08,1.8498692e-08,2.2216875e-08,3.810618e-08,4.3568843e-08,3.189702e-08,2.285009e-08,2.6066068e-08,2.900763e-08,2.5172811e-08,2.6215252e-08,3.048229e-08,2.4640148e-08,2.1055703e-08,2.1375808e-08,2.317688e-08,3.5979316e-08,3.034405e-08,3.1324767e-08,3.2744552e-08,4.1200682e-08,2.211934e-08,3.0333855e-08,4.4940037e-08,2.9091904e-08,2.767446e-08,2.4016618e-08,3.9024073e-08,4.2077303e-08,4.1204558e-08,1.3721235e-08,7.221842e-10
0.0014143063,0.0029484276,0.0050638425,0.0070053707,0.0081311045,0.008119076,0.0070506595,0.005193656,0.0031113685,0.0013881656,0.0003644943,0.00012023209,0.0005388415,0.0012826937,0.002036213,0.0025265715,0.0026648417,0.0024231176,0.0019703817,0.0015293278,0.0011381702,0.00084424746,0.0006775549,0.00055388693,0.00043810467,0.00031414558,0.00018390182,7.9360456e-05,1.7171218e-05,6.8161817e-06,3.9656174e-05,9.444069e-05,0.00014555645,0.00017800104,0.0001781971,0.00014938865,0.00010986752,7.4933916e-05,5.0485112e-05,3.8094953e-05,3.2990552e-05,2.7801814e-05,1.897237e-05,8.400811e-06,1.6388987e-06,6.4558576e-06,3.1717074e-05,7.538951e-05,0.0001234978,0.00015924485,0.00016134724,0.00011419527,5.1461193e-05,1.441848e-05,2.733299e-05,8.765698e-05,0.00014319974,0.00013760707,8.904664e-05,4.668248e-05,5.5745313e-05,9.608242e-05,9.46913e-05,5.3708347e-05,0.00011986571,0.00048113323,0.0011753057,0.0018750535,0.002346765,0.0026878903,0.002992639,0.0030163277,0.0023112537,0.001379588,0.0005487101,0.0002982895,0.00034196937,0.00040105946,0.00021945192,4.15194e-05,0.00020529536,0.0005394691,0.0005722208,0.00019973362,2.0396557e-05,6.60436e-05,7.3018186e-05,0.000108089676,0.0001289539,6.5603024e-05,1.9971098e-05,4.9260298e-06,9.816453e-06,9.889859e-06,1.563804e-05,1.3535945e-05,2.0637704e-05,2.8255685e-05,5.4316465e-06,9.31716e-06,4.5295574e-06,1.0648342e-06,1.7717176e-06,5.117458e-06,1.3140476e-05,7.4418786e-06,9.174988e-06,1.2641485e-05,4.8660317e-05,5.1849485e-05,2.1375412e-05,1.6927434e-05,7.296694e-05,0.0001338197,0.0002884455,7.6064425e-05,1.1872481e-05,2.6880489e-05,4.091373e-05,2.2773798e-05,1.9593883e-05,9.322134e-06,7.4980153e-06,1.2929936e-05,4.3742853e-06,1.1181015e-05,1.4611243e-05,8.7987024e-07
0.008438763,0.015104469,0.024018994,0.03216267,0.036755487,0.036412504,0.031370353,0.022980353,0.013692701,0.0059931865,0.0013897066,0.00032168903,0.002244598,0.00571059,0.009227552,0.011635522,0.012413947,0.01153168,0.009670694,0.0076793763,0.0058715725,0.0044787433,0.003571831,0.00287792,0.0022310514,0.0015691168,0.0009193367,0.0004042796,0.00010353726,5.121188e-05,0.00020717525,0.00046535925,0.0007128901,0.00086763024,0.00087638607,0.0007546436,0.0005760597,0.0004112455,0.00029056665,0.00022190066,0.00018449391,0.00014886439,9.870093e-05,4.293664e-05,7.671545e-06,3.122517e-05,0.00014980743,0.00035593254,0.0005846791,0.00074660435,0.0007578755,0.0005543061,0.00027705645,0.00010938118,0.00016628468,0.0004260118,0.0006490691,0.0006068133,0.00035748704,0.00014582385,0.00019663922,0.00042213316,0.00047746967,0.00034943435,0.00070535915,0.0024246392,0.005693325,0.009172583,0.011707879,0.013430804,0.014695251,0.01437155,0.010779682,0.0060817273,0.0021984917,0.0011038403,0.0015085641,0.0018566877,0.0010615076,0.00025078325,0.0009978544,0.0025393737,0.0026212032,0.00091589236,9.779527e-05,0.00032475204,0.00040464703,0.00056863803,0.00064581214,0.0003373461,0.00010398614,1.9460327e-05,3.8961716e-05,3.5783778e-05,6.609456e-05,6.937288e-05,0.000103984465,0.00013266706,3.1103762e-05,4.793818e-05,2.4030145e-05,6.291424e-06,7.517471e-06,2.4037e-05,6.615871e-05,4.21088e-05,5.0638642e-05,6.843982e-05,0.00021904657,0.00020523177,8.399388e-05,7.3125964e-05,0.00031568768,0.0006503573,0.0013293435,0.00035550309,6.608988e-05,0.00014309658,0.00020860916,0.00010407296,8.949055e-05,4.9603e-05,4.0235922e-05,6.399393e-05,2.0121763e-05,5.7542686e-05,7.321318e-05,4.220254e-06
