MFCC_1,MFCC_2,MFCC_3,MFCC_4,MFCC_5,MFCC_6,MFCC_7,MFCC_8,MFCC_9,MFCC_10,MFCC_11,MFCC_12,MFCC_13,Contrast_1,Contrast_2,Contrast_3,Contrast_4,Contrast_5,Contrast_6,Contrast_7
-0.01586262322962284,0.6450157165527344,-4.04978609085083,1.820773959159851,4.605661869049072,0.5253164172172546,4.172114372253418,2.0650124549865723,1.00955069065094,3.6399643421173096,3.9020655155181885,3.2241806983947754,3.59434175491333,-2.1965310625948793,-4.156045369504099,-3.5823594210303287,-5.093448444578977,-3.938356670994828,-4.951048961798159,-2.1037832119186923
3.155505657196045,2.2223877906799316,-3.193087100982666,0.5337215662002563,2.5263049602508545,-2.0951809883117676,2.6922447681427,1.9264075756072998,0.8533961772918701,3.28775691986084,3.3239517211914062,3.36673903465271,3.326798439025879,-1.835268707454456,1.2283907698761367,-3.6476490193432514,-3.7683700551185977,-3.836821626817956,-3.975796149920237,-1.1374248893748493
3.552948236465454,2.3671579360961914,-2.972957134246826,0.28403106331825256,1.613158941268921,-1.9640308618545532,1.992480754852295,2.0677225589752197,1.139594554901123,2.8668746948242188,3.2379395961761475,3.5022928714752197,3.0655510425567627,-1.1022718068688317,-0.5302023413959396,-3.206861541304485,-2.809197867667065,-2.8885288579248147,-3.065713209036814,-1.0898517289412075
2.0719590187072754,1.7631169557571411,-2.238227128982544,0.04618382453918457,0.4061134457588196,-1.8950318098068237,1.0071102380752563,2.444854497909546,1.4156354665756226,1.9380011558532715,2.502188205718994,3.595006227493286,2.9313695430755615,0.032211003276593576,-0.30373371607969,-2.319711135367069,-0.9782892597163758,-2.0111434911433625,-1.8887910264995822,-0.48905935245284415
-0.12842440605163574,-1.5679521560668945,-0.3958064615726471,2.1659882068634033,1.3829593658447266,0.1859321892261505,1.677433967590332,1.2219966650009155,0.42055729031562805,0.9396076202392578,-0.7335102558135986,-0.5139004588127136,-0.16792261600494385,2.591915193802078,1.3888521050233846,2.0427398180615106,0.3523473599921878,0.07195914401520029,0.25836313357606233,0.34273633456082314
0.5298528671264648,-0.9164463877677917,-2.251558542251587,2.406578779220581,2.1663641929626465,0.6365243196487427,0.6526342630386353,2.229921817779541,1.768677830696106,0.6151926517486572,0.8870205283164978,0.3717746436595917,0.5458531975746155,1.5140874318860358,0.7317394027861192,1.068722735876189,-0.28029758808834543,0.02471646376312571,0.29505944258703126,1.5117213295826808
0.6996394395828247,-0.5473378896713257,-2.130709409713745,2.039478302001953,1.9811164140701294,0.34674933552742004,0.2461986094713211,2.232485055923462,2.006955862045288,0.3504687249660492,1.1826380491256714,0.6200625896453857,0.6784563064575195,1.3869665551441457,0.8742818424595967,0.1464190113738018,-0.5914840997194275,0.6679143555625969,0.4907174844716484,1.4247199188213235
0.3038966655731201,-0.4791375398635864,-0.23929856717586517,0.5264701247215271,0.41331765055656433,-0.006907260976731777,0.33670854568481445,0.6224052906036377,1.1581224203109741,0.08996180444955826,0.4103986322879791,0.4144204258918762,0.1265459507703781,1.9435804432180612,0.5490009271421948,-0.11505182747808275,0.5722154693995378,0.02833015345198612,0.6183259040911376,0.9869372366160559
0.12914815545082092,-0.28406715393066406,0.3807542622089386,-0.2400442212820053,-0.13174887001514435,1.2964855432510376,-0.00020306886290200055,-0.39909204840660095,0.14456233382225037,0.37655729055404663,0.017308365553617477,-0.5355266332626343,-0.39860019087791443,1.7453990573923863,0.06579811413428548,0.06484335527198538,0.3277409339168427,0.5995662193079289,0.6683055308926417,1.0909948798122098
0.2740960717201233,0.039257388561964035,0.6577304601669312,-0.5140080451965332,-0.37907975912094116,1.0379843711853027,-0.022914357483386993,-0.8309845328330994,0.2824731171131134,-0.1364571750164032,0.02658027969300747,-0.44319990277290344,-0.0639391541481018,-0.17961324333201265,-0.37991848520182264,0.4202313148829337,0.6177028760911019,0.2570053617830307,0.49118950346181095,1.7951131949835955
0.3248734474182129,0.07273437827825546,0.958469569683075,-0.7779547572135925,-0.4372856318950653,1.165592074394226,0.03378330171108246,-0.7936460375785828,0.03838132321834564,-0.42800676822662354,-0.18197162449359894,0.20776212215423584,0.03510657697916031,0.3862369941097397,-0.18358658398293445,0.5173279403699569,1.1281736246839187,0.35758412324783645,0.2480171472305155,-0.5825493490158361
0.2608571946620941,-0.15662327408790588,0.8265048265457153,-0.2649584710597992,-0.21653658151626587,1.1017935276031494,-0.4104154407978058,-0.10744285583496094,0.1786474883556366,-0.0363183356821537,0.15272141993045807,0.366489052772522,0.23938599228858948,0.5148025369026153,0.1401336890341564,1.0926301460880654,0.07166461954617553,0.8562792438144616,0.10133673150026776,-0.7779327251429241
0.24167276918888092,-0.21818238496780396,0.9921548962593079,-0.11719072610139847,-0.24817118048667908,0.5283679962158203,-0.3905004560947418,0.5962398648262024,-0.8468493819236755,-0.6745797395706177,-0.16897375881671906,-0.8841265439987183,-0.29435861110687256,1.4352369263114821,0.11450936059171203,0.3434414862048722,0.3842920638494313,0.4659762067644362,0.3310793149762322,-0.647091814263946
0.23731087148189545,-0.28803879022598267,0.8294268846511841,-0.20975306630134583,-0.27681344747543335,-0.3954470157623291,-0.2950352132320404,0.5835903882980347,-1.319620966911316,-1.0230752229690552,0.03502354398369789,-0.9758639931678772,-0.18435251712799072,1.015171606094352,0.13362563409764341,0.3061820654279164,0.44339474359032643,0.7688295690272361,0.35067628736405765,-0.7510723916993108
0.21540875732898712,-0.33910608291625977,0.36201030015945435,0.04085734859108925,-0.0727725476026535,-0.36720114946365356,-0.12956473231315613,0.39336612820625305,-0.7058147192001343,-0.2189347892999649,1.1027663946151733,0.32315492630004883,-0.04608940705657005,0.7495128292357833,0.26344633629778025,-0.35333902301117487,0.47276291458448494,0.3037541766103553,-0.10830283060243931,-0.5229034822580262
0.23673513531684875,-0.15672893822193146,0.13924717903137207,-0.45799720287323,-0.2740572392940521,0.5748393535614014,-0.09191635251045227,0.04509011656045914,-0.3511262536048889,-0.11881458014249802,0.712702214717865,1.2048306465148926,0.035269252955913544,0.3307820617596263,0.41952422146528134,-0.15514166130624055,0.6334901792121694,0.35041871790452656,0.17480789780992614,0.56397629656112
0.19684091210365295,-0.094899021089077,0.17242690920829773,-0.8945619463920593,-0.5626497268676758,2.1383731365203857,-0.11022110283374786,-0.47849029302597046,0.0717795267701149,0.11717144399881363,-0.32476308941841125,0.6821054220199585,-0.33516091108322144,1.8665245710346934,0.07569739539329005,-0.20142385742200974,0.9036932178462433,0.5561325745603696,0.2145613833196202,-0.03399320940566861
0.1836290955543518,-0.35878923535346985,0.47626468539237976,-0.45921170711517334,-0.511286199092865,0.5821195244789124,-0.2226150780916214,-0.646574854850769,-0.7578088045120239,0.01414413470774889,0.29063209891319275,0.14856238663196564,-0.4408029615879059,0.09425794192033529,-0.38264940935542824,0.7560725732759601,0.18003493653815095,0.13296141227164862,0.39471124892772735,-0.8049672636602145
0.23868440091609955,-0.28766778111457825,0.7258481383323669,-0.20637278258800507,-0.5511121153831482,-0.72597336769104,-0.674248993396759,0.517645001411438,-1.6656990051269531,-0.8366094827651978,-0.28542643785476685,-0.8835242390632629,-0.3596069812774658,0.3967034886761142,1.0298993677189026,0.027776012656585258,0.3770136610699065,0.19690074380765965,0.014339840315312926,0.6479977931354834
0.20324061810970306,-0.43333691358566284,0.7460266351699829,-0.01315642986446619,-0.4782474935054779,-1.1783764362335205,-0.9088888168334961,0.6084665060043335,-1.2966513633728027,-0.7604235410690308,-0.8270959258079529,-0.8577392101287842,-0.31227558851242065,1.3199789475131114,0.8354072097620706,0.022787668775717397,0.3229424889315011,0.27279640590508947,0.4770132307679912,1.4710953678490082
0.17811204493045807,-0.5430945158004761,0.5154629349708557,-0.4242023825645447,-0.25922808051109314,-0.715118944644928,-0.6996464133262634,-0.3320188820362091,-0.682438850402832,-0.29903867840766907,0.013279237784445286,-0.6422693133354187,-0.5222339034080505,-0.6601650697610624,0.4232470222122991,-0.24170394908268852,-0.024182680729154214,0.20260854818588228,0.3024309031244628,0.38571559266706296
0.24434274435043335,-0.19287817180156708,0.7049652934074402,-0.5315491557121277,-0.5404112339019775,0.47850853204727173,-0.41777312755584717,-1.050736665725708,0.17676416039466858,-0.11788442730903625,-0.6046549677848816,-0.9579253792762756,-0.7546623945236206,-0.9048196091907786,-0.45968195955300556,0.40740225524238743,0.003569598288213808,0.46894239712938857,-0.18494500114635049,0.31988641816239866
0.1981648951768875,-0.3680476248264313,0.2616068720817566,-0.6002188920974731,-0.5165461897850037,0.9256747364997864,-0.1885618418455124,-1.3837730884552002,-0.31478941440582275,0.07272609323263168,-0.25940418243408203,-0.5780170559883118,-1.0683362483978271,-0.3806987511879916,0.8336795347990559,-0.3172347244738134,-0.09915087608383599,0.023456383313335417,-0.010345366509179176,-0.7071600002331334
0.17083153128623962,-0.46870023012161255,-0.12174756079912186,-0.2857692241668701,-0.3353075385093689,0.10800842940807343,0.006368251983076334,-0.2622489333152771,-0.7755259275436401,-0.38234418630599976,0.26151347160339355,0.1376846879720688,-0.9786264896392822,0.21107293036231553,-0.09507414794818549,0.275346050288422,0.28743752346505064,0.08835988544230544,0.15499515606179534,0.6373253815695754
0.22232915461063385,-0.6289242506027222,0.21219410002231598,-0.5308369398117065,-0.3949890732765198,-0.8076195120811462,-0.04582139477133751,0.5882205367088318,-0.27660274505615234,-0.7003055810928345,0.3156173527240753,-0.3519646227359772,-0.5765166282653809,-0.7364940556450708,1.0779012984677314,1.7916353834858314,0.7453872579875271,0.0816728232302828,0.24432983171601796,-0.6753594250471788
0.1395922750234604,-0.8936227560043335,0.42439892888069153,-0.2434724122285843,-0.6533573865890503,-0.9352647662162781,-0.060659412294626236,0.34657180309295654,0.3765963017940521,-0.3254973888397217,-0.25614339113235474,-0.10864995419979095,-0.16115261614322662,-0.4206627151047011,1.7155890798304616,0.2975465901707086,0.3278198847964905,0.6144425699871652,0.1960459257593633,0.669024887561873
0.14785224199295044,-0.8527801036834717,0.296633780002594,0.19400455057621002,-0.3074404299259186,-0.0878196731209755,0.008337290957570076,0.026695022359490395,0.12143106013536453,-0.3688538670539856,-0.4713619649410248,-0.20925059914588928,-0.7802847623825073,-0.25952932729120676,0.2888316925385927,0.6632244978710534,0.28620880143290556,0.4176643332637317,0.26486199632130275,-0.0687861647073524
0.1499258428812027,-0.6442195773124695,-0.0644368827342987,-0.2864868938922882,-0.3347111642360687,-0.035134900361299515,0.36011338233947754,0.3253346383571625,-0.5322369337081909,-0.6441948413848877,-0.18419259786605835,-0.4927845597267151,-0.7643460035324097,1.8383797315134316,-0.13221784224323532,0.28775834295084374,0.26713625893035875,0.23340885324705407,0.08986256022363345,-1.0548881066185392
0.11038808524608612,-0.5177984237670898,0.07751794904470444,-0.42908501625061035,-0.37772923707962036,0.5948919653892517,0.394855797290802,-0.3354071378707886,-0.03862951323390007,-0.31112831830978394,-0.14365267753601074,-0.24322019517421722,-0.5296643972396851,-0.18665074606559987,-0.2184178298447561,1.8786700935908534,0.2644384330592023,0.5370182990955275,0.21021018982701853,0.5415166335675551
0.13283108174800873,-0.5907854437828064,0.05323246866464615,-0.5909775495529175,-0.5973539352416992,-0.007258050609380007,-0.3545075058937073,-1.1904255151748657,-0.13843443989753723,-0.2921465337276459,0.9778957962989807,0.03349475562572479,-0.7082575559616089,1.0275886916637773,-0.09338169409358658,0.25833323451050294,0.4932154437578151,0.17119400067801166,0.262115418013946,1.1263509285603017
0.22988218069076538,-0.42897289991378784,-0.009580301120877266,-0.8724052309989929,-0.5304813385009766,-0.8169804215431213,-0.7380979657173157,-0.911870002746582,-0.9807847738265991,-0.6756129264831543,0.8202470541000366,-0.3972195088863373,-0.3633609712123871,-0.6359362425860015,0.33281378209485024,-0.3836282211169911,-0.2117139620426406,0.19415586175568506,0.2014756507925744,-0.9067912501672581
0.13808020949363708,-0.6675865054130554,0.26385214924812317,-0.4727676212787628,-0.4042884409427643,-1.2010160684585571,-0.8133769631385803,-0.12435270845890045,-0.9501039385795593,-0.7834603786468506,-0.322857528924942,-0.670734703540802,0.06661856919527054,0.5444888633301932,0.8580078102705121,0.19327800022300717,0.5502245225764768,0.27708953029383226,0.7855024870083106,-0.5633392073862455
0.14353211224079132,-0.5720465779304504,0.8083334565162659,0.31376349925994873,-0.25162944197654724,-0.8165982365608215,-0.8846139311790466,0.355233371257782,-1.0068691968917847,-1.022629976272583,-0.877312421798706,-0.7496811747550964,-0.1970808058977127,-0.4214535114287067,-0.1361649097373783,-0.21687174466258283,0.41540902605646596,1.0126723302714389,0.6383115243766624,1.593390025012812
0.21035781502723694,-0.3956506550312042,0.46162551641464233,-0.0788070559501648,0.07629827409982681,0.10178522020578384,-0.3556574881076813,-0.5399178266525269,-0.7688072323799133,-0.5291591286659241,-0.3746047914028168,-1.1148983240127563,-0.36504995822906494,-0.6464258245204401,0.3781049638679164,0.19741197939928318,0.5169104350061181,0.20294723364657977,0.3886032931207905,-1.114011891583295
0.16694536805152893,-0.42964768409729004,-0.11662258207798004,-0.5120152235031128,-0.17047777771949768,0.7020023465156555,-0.39384886622428894,-0.8806294798851013,-0.22394515573978424,-0.39710739254951477,-0.15574990212917328,-0.41075873374938965,-0.6625048518180847,-1.1705668618182654,-0.46681435383543135,0.5255434119955128,-0.012125780547486137,0.34385166639744913,-0.0358317228080678,0.3794085131997031
0.10034582763910294,-0.5554354786872864,-0.13816335797309875,-0.3430992662906647,-0.14381392300128937,0.8126118183135986,-0.38510408997535706,-0.5711500644683838,-0.3309086263179779,-0.2716367840766907,0.32314401865005493,0.40659016370773315,-1.0619430541992188,-1.3700116768923567,-0.09445789167821547,-0.05645089120850745,0.571398293968532,0.8640318430679617,0.21112622976262158,0.19263723141929892
0.10465037822723389,-0.3904606103897095,0.02879679575562477,-0.14711010456085205,-0.2486276477575302,1.1222597360610962,-0.23810429871082306,-0.33251920342445374,-0.4325622320175171,-0.3043037950992584,0.30258774757385254,0.10471693426370621,-1.038668155670166,-0.10651446645153927,-0.44365233036029605,-0.329671907168714,0.3358324484849473,0.3669568976305373,0.1409775816775758,1.1739482675709882
0.09491319954395294,-0.6091305613517761,0.5575210452079773,0.1138838529586792,-0.3953419625759125,0.10505600273609161,-0.6350038051605225,-0.610815703868866,-0.19296510517597198,-0.721893310546875,-0.5387001037597656,0.045250579714775085,-0.7484646439552307,-0.8503519786382918,0.8472200685366588,0.438305385424015,0.32730247359186476,0.5010709443924598,0.49139625475691295,-0.18969274869002783
0.10499857366085052,-0.8294727802276611,0.8710832595825195,-0.019471045583486557,-0.37408900260925293,-0.9919420480728149,-0.9511246085166931,-0.7087509036064148,-0.446769654750824,-0.859839141368866,-0.9879510402679443,0.006473171524703503,-0.1719895452260971,0.8978470888003739,1.2566933638135072,0.31308505250681634,0.8187531814066422,0.7962510918698896,1.0273385597892455,2.0305058981271227
0.13167913258075714,-0.6009892225265503,0.5577881336212158,-0.48642101883888245,-0.38454219698905945,-0.6526015996932983,-0.3544767200946808,-0.044739510864019394,-1.0251498222351074,-0.44962960481643677,-0.23436884582042694,-0.027822142466902733,0.06385593116283417,-0.4049952112181041,0.8793124007167069,-0.06553133096420649,0.4204538350471557,0.5148552271236276,0.5032652180005671,1.0302735253710607
0.1369544118642807,-0.3375193774700165,0.04054252430796623,-0.5622811913490295,-0.3108387589454651,0.5784727931022644,0.146452859044075,0.22988878190517426,-0.9410161375999451,-0.3063925802707672,-0.3127649426460266,-0.08007968217134476,-0.0076700905337929726,-0.2458069906823683,0.7300387376075453,-0.10690465238665482,0.265357791343808,0.6243172841111264,-0.011754814730076163,-0.01695394855180042
0.10090506076812744,-0.325795441865921,-0.04319143295288086,-0.6427632570266724,-0.20980724692344666,1.8024625778198242,0.02320079691708088,-1.1348601579666138,-0.8316734433174133,-0.37774428725242615,-1.2647411823272705,0.0018085181945934892,0.06857404857873917,-0.9683183321691864,-0.44052700375149006,0.08664850834274766,-0.06885521059999301,0.3450097644351165,0.5227817813317106,0.23861963822484966
0.07217659801244736,-0.49772408604621887,-0.2617194950580597,-0.569126546382904,-0.2563777565956116,1.7739912271499634,-0.44560083746910095,-1.4088538885116577,0.14098615944385529,0.11951401084661484,-1.0481399297714233,0.6103115677833557,-0.3463444709777832,-0.37838890742990483,-0.2905775974914849,1.4649548078040897,0.2574605361609217,0.582049291475176,0.3502157437124029,0.5331031727333589
0.08379331976175308,-0.6498643755912781,0.24702413380146027,-0.47104907035827637,-0.47637739777565,-0.0237804614007473,-0.6400735974311829,-1.2121152877807617,0.2762400507926941,0.16581913828849792,-0.35531100630760193,0.10792140662670135,-0.20777611434459686,-0.8810570290965363,-0.45753301929506984,0.8058648478150965,0.2922874875900888,-0.06470850406640948,-0.10176752547821834,-1.0041974866032313
0.0663599818944931,-0.6941205263137817,0.5254212021827698,-0.27223366498947144,-0.39039120078086853,-1.2550621032714844,-0.7374525666236877,0.1146291121840477,-0.23050299286842346,-0.1263013631105423,-0.1915411502122879,-0.41537705063819885,-0.0502711646258831,-1.2482106354991953,-0.39845806408677764,-0.11613368044339441,0.2799707157440911,0.45622276816578317,0.08690869765093008,0.27839073316397794
0.0638643279671669,-0.7517291903495789,0.5144011378288269,-0.15152983367443085,-0.5710539817810059,-1.3051173686981201,-0.6846842765808105,0.2840072810649872,-0.7164937853813171,-0.5859355926513672,-0.7138798832893372,-0.8304604291915894,-0.21675445139408112,-0.03520262270940517,-0.30212996615480786,0.1514218445933197,0.29397581902927705,0.28383393242529575,0.49915295065599435,-0.0769080104309749
0.13944730162620544,-0.5900852680206299,0.34277161955833435,-0.37898269295692444,-0.3795856535434723,-0.5278807282447815,-0.8696970343589783,-0.5570043325424194,-0.3359988033771515,-0.6196337342262268,-0.5498450994491577,-1.1469333171844482,-0.7149067521095276,0.3320021103486634,0.7743239682046191,0.112207996189858,0.02058636161545525,0.3616545626745115,0.049953561490528764,-1.1117051506346667
0.0868312269449234,-0.4813351631164551,0.2206873595714569,-0.8423048257827759,-0.09855710715055466,1.4705811738967896,-0.30142664909362793,-1.3329888582229614,0.3530105948448181,-0.7569979429244995,-1.3173503875732422,-0.8952578902244568,-0.8092097640037537,-0.8052796101400984,-0.7756807655136712,1.4436427206913405,-0.05569322332946419,0.41116563683279,0.21979836695137497,0.7753473335745347
0.06198754534125328,-0.3027714788913727,0.29504427313804626,-1.410341739654541,-0.3790481984615326,1.4962737560272217,-0.4064658284187317,-1.7970703840255737,-0.06765241175889969,-0.3324742317199707,-0.20936784148216248,-0.37269797921180725,-0.8071978092193604,0.36397679650762604,-0.8807604289123377,1.386981095740156,-0.10795153581292952,0.33996622941251664,0.3431233540202985,-0.08325972969194118
0.04462256655097008,-0.44159069657325745,0.09134066849946976,-1.1648224592208862,-0.5220891237258911,0.21834424138069153,-0.8122952580451965,-1.3210854530334473,-0.14013193547725677,-0.2103317230939865,0.1586919128894806,-0.48144713044166565,-0.23366618156433105,-0.9185601509767455,0.04339691851416967,-0.2822699010687107,0.1873325601765396,0.8532617741884804,0.2621578993719413,0.9442878679061792
0.02353108488023281,-0.6364589333534241,0.5185638070106506,-0.6354130506515503,-0.2583913803100586,-0.32535088062286377,-0.6196800470352173,-0.6092318892478943,-0.4374295473098755,-0.3133012354373932,-0.8317011594772339,-0.4329591989517212,0.01596091501414776,1.4978357253317809,0.46411736307039536,0.5414391360274357,-0.023277910125437513,-0.04412915054284248,0.1693023390663894,-0.8814075566328302
0.012283669784665108,-0.5035999417304993,0.5642076134681702,-0.24943093955516815,-0.13020801544189453,0.0866432785987854,-0.30157047510147095,0.11443640291690826,-0.6075646281242371,-0.286380797624588,-0.8237661123275757,-0.1437828689813614,0.223697692155838,0.3808333316097138,0.441636300711851,0.8472790153104506,0.5790975670298114,0.17652425360109616,0.6058421189852626,0.15034215490232214
0.017224512994289398,-0.5113099217414856,0.15497389435768127,-0.489044189453125,-0.22628138959407806,-0.09389212727546692,-0.22030407190322876,0.43108734488487244,-0.7816365361213684,-0.5673287510871887,-0.43090054392814636,-0.23218794167041779,0.13290423154830933,2.068653247345556,0.47122637345721047,0.32182382573408025,0.32158673406179,0.14131940685891076,0.7084684406668812,-0.3564661079730711
0.07631094753742218,-0.4351269006729126,0.02862633764743805,-0.7198735475540161,-0.43527355790138245,-0.13074424862861633,-0.36354565620422363,-0.6628192663192749,-1.1720707416534424,-1.0111926794052124,-0.8113319277763367,-0.39211204648017883,-0.2555323541164398,-0.15818467218639462,0.1553436769619751,-0.185218782593201,0.6989614835780653,0.2534206391839552,0.354915438236356,-0.017692910035010827
0.1488381177186966,-0.12096498906612396,0.540667712688446,-0.834736704826355,-0.9763522148132324,0.10868838429450989,-0.4916900396347046,-1.20283842086792,-0.6061938405036926,-0.6573570966720581,-1.1398673057556152,-0.4034963846206665,-0.4550223648548126,-0.21138065219365776,-0.20659327331986652,0.42063679806627424,0.45675321251258616,0.4072793160978583,0.43162397610083725,0.2607899465981377
0.11919214576482773,-0.3711889684200287,0.4091365337371826,-0.6973065137863159,-0.8673045635223389,-0.25494083762168884,-0.49849700927734375,-1.601464033126831,-0.4858538806438446,0.18309451639652252,0.11793045699596405,-0.7346379160881042,-0.7209444642066956,-0.16741932136584914,0.3187518997975651,0.7898934506408465,0.10428797302029322,-0.05691418255669848,0.4142410874037752,-0.06917228757395837
0.15155306458473206,-0.4492059051990509,0.30270659923553467,-0.6195090413093567,-0.5998182892799377,-0.60069340467453,-0.6592835187911987,-0.7066419124603271,-0.9469519257545471,-0.2568666636943817,0.004696070682257414,-1.0658921003341675,-0.3591945469379425,-1.193364895435493,2.855374745904261,0.215392104131556,0.23232546814649735,0.49334294196760614,0.1586041953933697,-0.005468827102212492
0.19756989181041718,-0.2785092294216156,0.4913327395915985,-0.7423151135444641,-0.5423770546913147,-1.4295991659164429,-0.9149354100227356,-0.3544681668281555,-0.9435689449310303,-0.8003139495849609,-0.4105810225009918,-1.243094563484192,-0.289452463388443,-0.16763290959679414,-0.47650370942205206,0.3270329824626917,0.58349162104411,0.16888435458131895,0.314566536333376,0.6687939665077315
0.2459997832775116,-0.026376642286777496,0.6913126707077026,-0.7786423563957214,-0.6625857949256897,-1.542389154434204,-1.2106415033340454,0.41222479939460754,-0.3163124918937683,-0.9919169545173645,-0.8478813171386719,-0.6630317568778992,-0.18784578144550323,-1.5075215234420003,-0.10064992519640396,-0.10491193011914399,0.3542440022615693,0.2705483593236215,0.6005388687332512,1.1759971898716388
0.19386081397533417,-0.38963431119918823,0.09446502476930618,-0.5749909281730652,-0.24614648520946503,-0.11298622190952301,-0.2984375059604645,0.3478878438472748,-0.04384950175881386,-0.6359195709228516,-0.591547429561615,-0.6010581851005554,-0.3357030153274536,-0.651495115772124,-0.4551289052243313,-0.16042932665964166,0.9393275724809992,0.4946975432048333,0.08070998656097804,0.44495410903043237
0.09710515290498734,-0.3055286705493927,-0.10605667531490326,-0.8902994990348816,-0.5832936763763428,0.8750132918357849,0.15224935114383698,-0.9729074239730835,-0.3533446192741394,0.010361732915043831,-0.738620400428772,0.04468986764550209,-0.22637106478214264,-1.1504036859023978,0.09386843832633905,-0.18999523375416458,0.2702777869083751,0.27374017848005544,0.5632597348185553,0.39871785974107776
0.060448404401540756,-0.4736068844795227,-0.174726203083992,-0.6895361542701721,-0.44313356280326843,1.203663945198059,-0.04558572545647621,-1.563547134399414,-0.7083849906921387,0.3768824338912964,-0.5891568660736084,-0.3344873785972595,-0.7091240882873535,-1.2123066217186544,0.7593000283386603,0.5947923862821674,0.5589898028409216,0.6637931414472169,0.20005470754560906,-0.05544478732422368
0.11384942382574081,-0.5100483298301697,-0.01712897978723049,-0.6518210172653198,-0.6906516551971436,-0.5350731611251831,-0.5842859148979187,-0.9745375514030457,-1.041428804397583,-0.3097372055053711,-0.4952704906463623,-0.863368809223175,-0.5903350710868835,-0.7074322418994217,0.21059222580722517,0.27363313115208526,0.07395668119542291,0.3993625582514713,0.5220024970522583,0.6827356275902693
0.14364862442016602,-0.39335897564888,0.6367908716201782,-0.6155425310134888,-0.8625656962394714,-2.3452889919281006,-1.3964872360229492,-0.08846978843212128,-0.853642463684082,-0.570372462272644,-0.48681217432022095,-0.6344726085662842,-0.571729838848114,0.039606263550727355,1.292106405834651,0.0827424055131043,0.2895858052928555,0.3994106515756614,-0.01615937886277838,-0.7519958793565803
0.09784650802612305,-0.706890881061554,0.9234679937362671,-0.04266038164496422,-0.7652859091758728,-1.5798468589782715,-1.1116191148757935,-0.4158902168273926,-0.12537768483161926,-0.6768022179603577,-1.0825079679489136,-0.41475391387939453,-0.48166170716285706,-0.2963715635074877,0.6784632341949203,0.12416529202664464,0.9679412629864903,0.7442759711774682,0.41921065605403046,1.1231451849861187
0.22361277043819427,-0.18047557771205902,0.9235895872116089,-0.4687938392162323,-0.9687294363975525,-0.6745413541793823,-0.569732129573822,-0.08388682454824448,-0.1466277688741684,-1.0940237045288086,-1.7055325508117676,-1.00447678565979,-0.9920080900192261,0.8050737058946409,-0.3345541650783172,0.3733663985805524,0.5969871290835947,0.19906938871667001,-0.09217193236919735,-0.5467360223420112
0.23246590793132782,0.2552870512008667,0.5824857950210571,-1.1670907735824585,-1.0915886163711548,-0.05368439853191376,-0.43015825748443604,0.02946753054857254,0.12363392859697342,-0.5492832660675049,-1.2429791688919067,-1.352676272392273,-0.868104100227356,-0.4984545062988097,0.6098990505927604,0.488705124608877,0.7690983504940461,0.31019655732329415,-0.09296329191782692,-0.9960600544202892
0.11998075246810913,-0.21642157435417175,0.05391792580485344,-1.221544623374939,-0.5172598361968994,0.7688595652580261,-0.4901615381240845,-1.3364571332931519,-0.17931926250457764,-0.10431554913520813,-0.7310263514518738,-0.3927032947540283,-0.5166227221488953,-0.58630655853176,0.437430453465832,0.06463710608891918,0.6757181677145562,0.40054960583594434,-0.04522952872235744,0.8339681741009781
0.16039428114891052,-0.19490858912467957,-0.026144111528992653,-0.481942355632782,-0.24793505668640137,0.22608715295791626,-0.6396440863609314,-1.1355175971984863,-0.21759311854839325,-0.20682014524936676,0.02274411916732788,-0.31462550163269043,-0.667511522769928,-0.8411611726650157,-0.06986697725397299,0.09941316759278684,0.09894845591307912,0.8547921298966843,0.14558682919899804,1.9676668154123373
0.11925407499074936,-0.35221511125564575,0.30525514483451843,-0.07372857630252838,-0.25567883253097534,-0.46970483660697937,-0.3964739441871643,0.0241458211094141,-0.7712697982788086,-0.5988379716873169,0.17057298123836517,-0.4899238348007202,-0.7956453561782837,-0.7216888908437771,0.13660678371213883,-0.020699360536412033,0.906502897743883,0.30818962167723957,0.33593235898583657,-0.4433265120318267
0.06512224674224854,-0.7590691447257996,0.6970308423042297,0.03047613427042961,-0.49902817606925964,-0.6379390954971313,-0.41475608944892883,-0.5226953029632568,-0.9483855366706848,-1.1451387405395508,-0.993064284324646,-0.7697034478187561,-0.9581219553947449,-0.39180580633047296,0.41924243592528937,0.15030723301802212,0.5635124783963877,0.4594157805327971,0.4407109847659105,0.6539862798545065
0.13561207056045532,-0.37718915939331055,0.8161231279373169,0.1513190120458603,-0.7442849278450012,-0.5134902000427246,-0.7338165044784546,-0.1974717229604721,-0.4025653898715973,-0.6893962025642395,-1.0998057126998901,-0.8260380029678345,-0.8607602119445801,-0.5983012571766478,0.31954859368051886,-0.2522881233785342,0.287149608015422,0.45058400370198715,0.4457451211391198,1.7743313018267781
0.26518696546554565,-0.05821912735700607,0.1471686214208603,-0.318426251411438,-0.7666106820106506,-0.7381748557090759,-0.9127999544143677,0.04413348063826561,-0.7887237668037415,-0.5561967492103577,0.3385419249534607,-0.706648051738739,-0.6597486734390259,-0.2809297167664985,-0.4965646846678277,-0.14012903286734563,0.2772995932445496,0.08382884279288239,0.0436306214633262,0.393850803459354
0.25745776295661926,0.2359543740749359,0.28113433718681335,0.07667379081249237,-0.2232711762189865,0.20789700746536255,0.20867334306240082,0.2904876172542572,-0.047587476670742035,0.13395951688289642,0.7419129014015198,0.18066395819187164,-0.2511845827102661,-0.12713931444076712,0.08963077873831736,0.8340534578278278,0.3675096719942841,0.030677656686061712,0.5597577663340436,0.5218729963008388
0.15696963667869568,0.9231293797492981,1.0557892322540283,0.27165937423706055,-0.22313076257705688,0.659675121307373,0.39450421929359436,0.47465625405311584,0.5369959473609924,0.2712491750717163,0.2817663550376892,0.8644866347312927,-0.038856733590364456,0.44900981678054686,1.1738280536938175,-0.29158933024775036,0.4918085398640389,0.834552042180661,0.23654280211185144,-0.7269662509589283
-0.1683158576488495,1.4737199544906616,0.7159129977226257,0.486453115940094,0.28260892629623413,1.2905166149139404,0.3118685483932495,1.049086332321167,1.1045283079147339,-0.16205550730228424,0.43747109174728394,0.9559822678565979,0.33959224820137024,0.371415965097326,-0.15670358875248921,-0.4569992155514795,-0.5270919127587105,-0.19899996255282373,0.21702613723883923,-1.0265250300887023
-0.5315219759941101,2.30712628364563,0.2624971568584442,0.8104268312454224,0.5740556716918945,1.8975697755813599,0.23178046941757202,0.9700881838798523,0.7220119833946228,-0.10848913341760635,0.5278157591819763,0.6975071430206299,0.7322278022766113,0.03209217567905072,-0.6726645479458474,0.15211109650347837,-0.6224519608268028,-0.36169969921461814,-0.01817549411151057,-0.6350199622675913
-0.9305608868598938,2.768146514892578,0.4170919954776764,1.0928540229797363,0.7014967799186707,1.8347185850143433,0.6440787315368652,1.2410001754760742,1.3286551237106323,0.5030568242073059,0.3521128296852112,0.736329197883606,0.998968780040741,0.6925676064909378,-0.7282096017475843,0.17145781490311507,-0.788046611904162,-0.6028715508479586,0.04171249135090041,-0.3483910070076017
-1.4066106081008911,2.938842535018921,0.19621296226978302,1.5815482139587402,0.5756809711456299,1.6249107122421265,1.1372642517089844,1.892415165901184,2.0922372341156006,0.9732399582862854,1.0393975973129272,1.136775016784668,1.615601897239685,0.5566925023755268,-1.2746225489833276,-0.7670825320481872,-0.3520962862576971,-0.7409678886097254,0.26208470972375114,-0.4368361179407523
-1.8777096271514893,2.912310838699341,0.00975789688527584,2.300776958465576,0.677147626876831,0.7571579217910767,1.3010355234146118,2.00714111328125,2.720841646194458,1.365518569946289,1.6341588497161865,1.3550149202346802,1.75887930393219,1.7503006247406372,-1.2727102089847904,-0.3029456303463855,-0.9618979458407149,-1.367807735642732,0.32380290539854784,-1.192445504362286
-2.313736915588379,2.5705981254577637,-0.7994447946548462,2.233922004699707,0.9591561555862427,-0.31910181045532227,1.107479214668274,1.7244120836257935,2.393503427505493,2.0278165340423584,1.4220476150512695,1.4367862939834595,1.3326002359390259,0.4183154387977504,-2.0588700683051906,-1.4678223309328335,-1.206308855516306,-1.7511522447241292,-0.13032895649266849,-1.3538659189934448
-2.785275459289551,2.0863702297210693,-1.7242136001586914,2.3345749378204346,1.6132363080978394,-0.15868520736694336,1.4670872688293457,1.054783582687378,2.1477253437042236,2.375964403152466,0.9998732805252075,1.3915365934371948,1.7779985666275024,1.6962616890247297,-2.1338686068008625,-1.19259447326168,-1.456810316422674,-1.5763393673553352,-0.1632740672367588,-0.44452226273074025
-3.203042507171631,1.6017658710479736,-1.9951306581497192,3.14355731010437,2.3849151134490967,-0.22543394565582275,1.8909800052642822,0.8416130542755127,3.0666799545288086,2.8658952713012695,1.3096814155578613,0.9756459593772888,1.8408846855163574,1.049056979435646,-1.361721468333553,-0.9234852091067285,-1.7418434226697974,-1.9853112467001883,-0.9988956737800477,-0.9286821890560855
-3.3598084449768066,1.9252349138259888,-2.0176374912261963,2.77815318107605,2.6728436946868896,-0.5039880871772766,2.7409274578094482,0.6926469206809998,2.31455659866333,1.6715751886367798,-0.3356071412563324,0.6271231174468994,1.8276889324188232,-1.2807791774558617,-2.4752461481435586,-2.0619326679882284,-1.9009842237473917,-2.2742688677330998,-2.5384893737706684,-2.1405466434249334
-3.7474453449249268,1.5232454538345337,-2.371954917907715,2.659858226776123,3.16900372505188,-1.8995118141174316,3.6367383003234863,0.2609108090400696,1.7655140161514282,1.9453697204589844,-1.074039340019226,0.40328747034072876,1.8667975664138794,-1.646574122674462,-3.3202897212913256,-2.445256485341678,-2.7997296144876316,-3.1996907332083637,-3.741334221679183,-3.8649224403954108
